{
  "草史莱姆": [
    "草史莱姆"
  ],
  "大型草史莱姆": [
    "大型草史莱姆"
  ],
  "风史莱姆": [
    "风史莱姆"
  ],
  "大型风史莱姆": [
    "大型风史莱姆"
  ],
  "雷史莱姆": [
    "雷史莱姆"
  ],
  "大型雷史莱姆": [
    "大型雷史莱姆"
  ],
  "变异雷史莱姆": [
    "变异雷史莱姆"
  ],
  "冰史莱姆": [
    "冰史莱姆"
  ],
  "大型冰史莱姆": [
    "大型冰史莱姆"
  ],
  "水史莱姆": [
    "水史莱姆"
  ],
  "大型水史莱姆": [
    "大型水史莱姆"
  ],
  "火史莱姆": [
    "火史莱姆"
  ],
  "大型火史莱姆": [
    "大型火史莱姆"
  ],
  "岩史莱姆": [
    "岩史莱姆"
  ],
  "大型岩史莱姆": [
    "大型岩史莱姆"
  ],
  "狂风之核": [
    "狂风之核"
  ],
  "无相之雷": [
    "无相之雷"
  ],
  "无相之风": [
    "无相之风"
  ],
  "无相之岩": [
    "无相之岩"
  ],
  "无相之水": [
    "无相之水"
  ],
  "无相之冰": [
    "无相之冰"
  ],
  "无相之火": [
    "无相之火"
  ],
  "无相之草": [
    "无相之草"
  ],
  "纯水精灵": [
    "纯水精灵",
    "洛蒂亚",
    "纯水"
  ],
  "水飘浮灵": [
    "水飘浮灵"
  ],
  "岩飘浮灵": [
    "岩飘浮灵"
  ],
  "风飘浮灵": [
    "风飘浮灵"
  ],
  "冰飘浮灵": [
    "冰飘浮灵"
  ],
  "雷飘浮灵": [
    "雷飘浮灵"
  ],
  "火飘浮灵": [
    "火飘浮灵"
  ],
  "草飘浮灵": [
    "草飘浮灵"
  ],
  "雷音权现": [
    "雷音权现",
    "雷鸟",
    "雷音"
  ],
  "丘丘人": [
    "丘丘人"
  ],
  "打手丘丘人": [
    "打手丘丘人"
  ],
  "木盾丘丘人": [
    "木盾丘丘人"
  ],
  "射手丘丘人": [
    "射手丘丘人"
  ],
  "火箭丘丘人": [
    "火箭丘丘人"
  ],
  "爆弹丘丘人": [
    "爆弹丘丘人"
  ],
  "冲锋丘丘人": [
    "冲锋丘丘人"
  ],
  "冰箭丘丘人": [
    "冰箭丘丘人"
  ],
  "雷箭丘丘人": [
    "雷箭丘丘人"
  ],
  "岩盾丘丘人": [
    "岩盾丘丘人"
  ],
  "冰弹丘丘人": [
    "冰弹丘丘人"
  ],
  "冰盾丘丘人": [
    "冰盾丘丘人"
  ],
  "奇怪的丘丘人": [
    "奇怪的丘丘人",
    "大伟丘"
  ],
  "雷弹丘丘人": [
    "雷弹丘丘人"
  ],
  "木盾丘丘暴徒": [
    "木盾丘丘暴徒"
  ],
  "火斧丘丘暴徒": [
    "火斧丘丘暴徒",
    "火斧丘丘"
  ],
  "岩盾丘丘暴徒": [
    "岩盾丘丘暴徒",
    "岩盾丘丘"
  ],
  "丘丘霜铠王": [
    "丘丘霜铠王",
    "冰丘丘王"
  ],
  "丘丘岩盔王": [
    "丘丘岩盔王",
    "岩丘丘王"
  ],
  "冰盾丘丘暴徒": [
    "冰盾丘丘暴徒",
    "冰盾丘丘"
  ],
  "雷斧丘丘暴徒": [
    "雷斧丘丘暴徒"
  ],
  "丘丘雷兜王": [
    "丘丘雷兜王",
    "雷丘丘王"
  ],
  "水丘丘萨满": [
    "水丘丘萨满",
    "水萨满"
  ],
  "草丘丘萨满": [
    "草丘丘萨满",
    "草萨满"
  ],
  "风丘丘萨满": [
    "风丘丘萨满",
    "风萨满"
  ],
  "岩丘丘萨满": [
    "岩丘丘萨满",
    "岩萨满"
  ],
  "冰丘丘萨满": [
    "冰丘丘萨满",
    "冰萨满"
  ],
  "雷丘丘萨满": [
    "雷丘丘萨满",
    "雷萨满"
  ],
  "火深渊法师": [
    "火深渊法师",
    "火法"
  ],
  "冰深渊法师": [
    "冰深渊法师",
    "冰法"
  ],
  "水深渊法师": [
    "水深渊法师",
    "水法"
  ],
  "雷深渊法师": [
    "雷深渊法师",
    "雷法"
  ],
  "深渊使徒·激流": [
    "深渊使徒·激流",
    "水深渊使徒",
    "水使徒"
  ],
  "深渊咏者·紫电": [
    "深渊咏者·紫电",
    "雷咏者",
    "雷深渊咏者"
  ],
  "深渊咏者·渊火": [
    "深渊咏者·渊火",
    "火咏者",
    "火深渊咏者"
  ],
  "嗜岩·兽境幼兽": [
    "嗜岩·兽境幼兽",
    "岩流血小狗"
  ],
  "嗜雷·兽境幼兽": [
    "嗜雷·兽境幼兽",
    "雷流血小狗"
  ],
  "嗜岩·兽境猎犬": [
    "嗜岩·兽境猎犬",
    "岩流血狗"
  ],
  "嗜雷·兽境猎犬": [
    "嗜雷·兽境猎犬",
    "雷流血狗"
  ],
  "黄金王兽": [
    "黄金王兽",
    "黄金狗",
    "流血狗王"
  ],
  "黯色空壳·旗令": [
    "黯色空壳·旗令",
    "火空壳"
  ],
  "黯色空壳·破阵": [
    "黯色空壳·破阵",
    "水空壳"
  ],
  "黯色空壳·近卫": [
    "黯色空壳·近卫",
    "冰空壳"
  ],
  "黑蛇骑士·斩风之剑": [
    "黑蛇骑士·斩风之剑",
    "黑蛇骑士",
    "风空壳"
  ],
  "愚人众先遣队·冰铳重卫士": [
    "愚人众先遣队·冰铳重卫士",
    "冰胖",
    "冰枪"
  ],
  "愚人众先遣队·水铳重卫士": [
    "愚人众先遣队·水铳重卫士",
    "水胖",
    "水枪"
  ],
  "愚人众先遣队·雷锤前锋军": [
    "愚人众先遣队·雷锤前锋军",
    "雷锤"
  ],
  "愚人众先遣队·岩使游击兵": [
    "愚人众先遣队·岩使游击兵",
    "岩杖"
  ],
  "愚人众先遣队·风拳前锋军": [
    "愚人众先遣队·风拳前锋军",
    "风拳"
  ],
  "愚人众先遣队·火铳游击兵": [
    "愚人众先遣队·火铳游击兵",
    "火枪"
  ],
  "愚人众·火之债务处理人": [
    "愚人众·火之债务处理人",
    "债务处理人",
    "火刀"
  ],
  "愚人众·雷萤术士": [
    "愚人众·雷萤术士",
    "雷萤术士"
  ],
  "愚人众·冰萤术士": [
    "愚人众·冰萤术士",
    "冰萤术士"
  ],
  "愚人众·藏镜仕女": [
    "愚人众·藏镜仕女",
    "镜女"
  ],
  "遗迹守卫": [
    "遗迹守卫"
  ],
  "遗迹猎者": [
    "遗迹猎者"
  ],
  "遗迹重机": [
    "遗迹重机"
  ],
  "遗迹巨蛇": [
    "遗迹巨蛇"
  ],
  "遗迹巡弋者": [
    "遗迹巡弋者"
  ],
  "遗迹歼击者": [
    "遗迹歼击者"
  ],
  "遗迹防卫者": [
    "遗迹防卫者"
  ],
  "遗迹侦察者": [
    "遗迹侦察者"
  ],
  "恒常机关阵列": [
    "恒常机关阵列",
    "恒常阵列",
    "无相铁"
  ],
  "遗迹龙兽·空巡": [
    "遗迹龙兽·空巡",
    "飞天龙兽"
  ],
  "遗迹龙兽·地巡": [
    "遗迹龙兽·地巡",
    "地面龙兽"
  ],
  "兆载永劫龙兽": [
    "兆载永劫龙兽",
    "龙兽boss"
  ],
  "元能构装体·力场发生器": [
    "元能构装体·力场发生器"
  ],
  "元能构装体·重塑仪": [
    "元能构装体·重塑仪"
  ],
  "元能构装体·勘探机": [
    "元能构装体·勘探机"
  ],
  "半永恒统辖矩阵": [
    "半永恒统辖矩阵",
    "妙脆角"
  ],
  "盗宝团·「溜溜」": [
    "盗宝团·「溜溜」"
  ],
  "盗宝团·斥候": [
    "盗宝团·斥候"
  ],
  "盗宝团·火之药剂师": [
    "盗宝团·火之药剂师",
    "火盗宝团"
  ],
  "盗宝团·水之药剂师": [
    "盗宝团·水之药剂师",
    "水盗宝团"
  ],
  "盗宝团·雷之药剂师": [
    "盗宝团·雷之药剂师",
    "雷盗宝团"
  ],
  "盗宝团·冰之药剂师": [
    "盗宝团·冰之药剂师"
  ],
  "盗宝团·杂工": [
    "盗宝团·杂工"
  ],
  "盗宝团·「怪鸟」": [
    "盗宝团·「怪鸟」"
  ],
  "盗宝团·神射手": [
    "盗宝团·神射手",
    "盗宝团弓"
  ],
  "盗宝团·「卡门」": [
    "盗宝团·「卡门」"
  ],
  "盗宝团·掘墓者": [
    "盗宝团·掘墓者"
  ],
  "盗宝团·海上男儿": [
    "盗宝团·海上男儿"
  ],
  "盗宝团·「大姐头」": [
    "盗宝团·「大姐头」"
  ],
  "千岩军士兵": [
    "千岩军士兵"
  ],
  "千岩军教头": [
    "千岩军教头"
  ],
  "盗宝团·拳术家": [
    "盗宝团·拳术家"
  ],
  "盗宝团·粉碎者": [
    "盗宝团·粉碎者"
  ],
  "野伏·阵刀番": [
    "野伏·阵刀番"
  ],
  "野伏·火付番": [
    "野伏·火付番"
  ],
  "野伏·机巧番": [
    "野伏·机巧番"
  ],
  "魔偶剑鬼": [
    "魔偶剑鬼",
    "剑鬼"
  ],
  "海乱鬼·雷腾": [
    "海乱鬼·雷腾",
    "雷海乱鬼"
  ],
  "海乱鬼·炎威": [
    "海乱鬼·炎威",
    "火海乱鬼"
  ],
  "镀金旅团·阵前斧手": [
    "镀金旅团·阵前斧手"
  ],
  "镀金旅团·机弩兵": [
    "镀金旅团·机弩兵"
  ],
  "镀金旅团·鸦喙戟手": [
    "镀金旅团·鸦喙戟手"
  ],
  "镀金旅团·破阵者": [
    "镀金旅团·破阵者"
  ],
  "镀金旅团·刀舞者": [
    "镀金旅团·刀舞者"
  ],
  "镀金旅团·沙中净水": [
    "镀金旅团·沙中净水"
  ],
  "镀金旅团·炽阳凝冰": [
    "镀金旅团·炽阳凝冰"
  ],
  "镀金旅团·白日鸣雷": [
    "镀金旅团·白日鸣雷"
  ],
  "镀金旅团·魔岩役使": [
    "镀金旅团·魔岩役使"
  ],
  "镀金旅团·灵风猎手": [
    "镀金旅团·灵风猎手"
  ],
  "镀金旅团·炽沙叙事人": [
    "镀金旅团·炽沙叙事人"
  ],
  "镀金旅团·叶轮舞者": [
    "镀金旅团·叶轮舞者"
  ],
  "冰霜骗骗花": [
    "冰霜骗骗花",
    "冰骗骗花"
  ],
  "炽热骗骗花": [
    "炽热骗骗花",
    "火骗骗花"
  ],
  "电气骗骗花": [
    "电气骗骗花",
    "雷骗骗花"
  ],
  "急冻树": [
    "急冻树",
    "冰树"
  ],
  "爆炎树": [
    "爆炎树",
    "火树"
  ],
  "掣电树": [
    "掣电树"
  ],
  "幼岩龙蜥": [
    "幼岩龙蜥"
  ],
  "岩龙蜥": [
    "岩龙蜥"
  ],
  "古岩龙蜥": [
    "古岩龙蜥"
  ],
  "深海龙蜥·原种": [
    "深海龙蜥·原种",
    "深海龙蜥"
  ],
  "深海龙蜥·啮冰": [
    "深海龙蜥·啮冰",
    "冰龙蜥"
  ],
  "深海龙蜥·吞雷": [
    "深海龙蜥·吞雷",
    "雷龙蜥"
  ],
  "雷萤": [
    "雷萤"
  ],
  "水萤": [
    "水萤"
  ],
  "冰萤": [
    "冰萤"
  ],
  "浮游水蕈兽": [
    "浮游水蕈兽"
  ],
  "浮游草蕈兽": [
    "浮游草蕈兽"
  ],
  "浮游风蕈兽": [
    "浮游风蕈兽"
  ],
  "旋转雷蕈兽": [
    "旋转雷蕈兽"
  ],
  "旋转冰蕈兽": [
    "旋转冰蕈兽"
  ],
  "旋转火蕈兽": [
    "旋转火蕈兽"
  ],
  "伸缩火蕈兽": [
    "伸缩火蕈兽"
  ],
  "伸缩风蕈兽": [
    "伸缩风蕈兽"
  ],
  "伸缩岩蕈兽": [
    "伸缩岩蕈兽"
  ],
  "伸缩雷蕈兽": [
    "伸缩雷蕈兽"
  ],
  "圣骸赤鹫": [
    "圣骸赤鹫",
    "赤鹫"
  ],
  "圣骸毒蝎": [
    "圣骸毒蝎",
    "毒蝎"
  ],
  "圣骸飞蛇": [
    "圣骸飞蛇",
    "飞蛇"
  ],
  "翠翎恐蕈": [
    "翠翎恐蕈",
    "草鸡",
    "鸡哥"
  ],
  "有翼草本真蕈": [
    "有翼草本真蕈",
    "大草蕈兽"
  ],
  "有翼冰本真蕈": [
    "有翼冰本真蕈",
    "大冰蕈兽"
  ],
  "陆行水本真蕈": [
    "陆行水本真蕈",
    "大水蕈兽"
  ],
  "陆行岩本真蕈": [
    "陆行岩本真蕈",
    "大岩蕈兽"
  ],
  "风蚀沙虫": [
    "风蚀沙虫"
  ],
  "裂空的魔龙": [
    "裂空的魔龙",
    "风魔龙",
    "特瓦林",
    "周本boss"
  ],
  "北风的王狼，奔狼的领主": [
    "北风的王狼，奔狼的领主",
    "北风狼",
    "狼王",
    "安德留斯",
    "周本boss"
  ],
  "「公子」": [
    "「公子」",
    "公子",
    "达达利亚",
    "达达鸭",
    "周本boss"
  ],
  "若陀龙王": [
    "若陀龙王",
    "若陀",
    "喵喵陀",
    "周本boss"
  ],
  "「女士」": [
    "「女士」",
    "女士",
    "罗莎琳",
    "周本boss"
  ],
  "祸津御建鸣神命": [
    "祸津御建鸣神命",
    "雷神",
    "雷电将军",
    "煮饭婆",
    "将军人偶",
    "周本boss"
  ],
  "「正机之神」": [
    "「正机之神」",
    "散兵",
    "正机之神",
    "试作雷神",
    "周本boss"
  ]
}