{
  "游医": [
    "游医"
  ],
  "冒险家": [
    "冒险家"
  ],
  "幸运儿": [
    "幸运儿"
  ],
  "学士": [
    "学士"
  ],
  "战狂": [
    "战狂"
  ],
  "赌徒": [
    "赌徒"
  ],
  "武人": [
    "武人"
  ],
  "守护之心": [
    "守护之心"
  ],
  "流放者": [
    "流放者"
  ],
  "行者之心": [
    "行者之心",
    "行者"
  ],
  "奇迹": [
    "奇迹"
  ],
  "勇士之心": [
    "勇士之心",
    "勇士"
  ],
  "教官": [
    "教官"
  ],
  "如雷的盛怒": [
    "如雷的盛怒",
    "如雷"
  ],
  "追忆之注连": [
    "追忆之注连",
    "追忆"
  ],
  "冰风迷途的勇士": [
    "冰风迷途的勇士",
    "冰风",
    "冰套"
  ],
  "染血的骑士道": [
    "染血的骑士道",
    "染血",
    "骑士"
  ],
  "饰金之梦": [
    "饰金之梦生",
    "饰金",
    "精通"
  ],
  "华馆梦醒形骸记": [
    "华馆梦醒形骸记",
    "华馆",
    "防御"
  ],
  "昔日宗室之仪": [
    "昔日宗室之仪",
    "宗室"
  ],
  "沉沦之心": [
    "沉沦之心",
    "沉沦",
    "水套"
  ],
  "悠古的磐岩": [
    "悠古的磐岩",
    "磐岩"
  ],
  "海染砗磲": [
    "海染砗磲",
    "海染",
    "毒奶"
  ],
  "翠绿之影": [
    "翠绿之影",
    "风套"
  ],
  "苍白之火": [
    "苍白之火",
    "苍白",
    "物理"
  ],
  "流浪大地的乐团": [
    "流浪大地的乐团",
    "流浪",
    "乐团"
  ],
  "逆飞的流星": [
    "逆飞的流星",
    "逆飞",
    "流星"
  ],
  "平息鸣雷的尊者": [
    "平息鸣雷的尊者",
    "平雷"
  ],
  "辰砂往生录": [
    "辰砂往生录",
    "辰砂",
    "掉血"
  ],
  "渡过烈火的贤人": [
    "渡过烈火的贤人",
    "渡火"
  ],
  "千岩牢固": [
    "千岩牢固",
    "千岩",
    "生命"
  ],
  "被怜爱的少女": [
    "被怜爱的少女",
    "治疗",
    "少女"
  ],
  "来歆余响": [
    "来歆余响",
    "普攻",
    "余响"
  ],
  "炽烈的炎之魔女": [
    "炽烈的炎之魔女",
    "火套",
    "魔女"
  ],
  "绝缘之旗印": [
    "绝缘之旗印",
    "充能",
    "绝缘"
  ],
  "角斗士的终幕礼": [
    "角斗士的终幕礼",
    "角斗"
  ],
  "深林的记忆": [
    "深林的记忆",
    "深林",
    "草套"
  ],
  "祭冰之人": [
    "祭冰之人",
    "冰礼冠"
  ],
  "祭火之人": [
    "祭火之人",
    "火礼冠"
  ],
  "祭水之人": [
    "祭水之人",
    "水礼冠"
  ],
  "祭雷之人": [
    "祭雷之人",
    "雷礼冠"
  ],
  "沙上楼阁史话": [
    "沙上楼阁史话",
    "沙上",
    "沙套"
  ],
  "乐园遗落之花": [
    "乐园遗落之花",
    "乐园",
    "绽放"
  ]
}