{
  "FIGHT_PROP_BASE_HP": "基础生命值",
  "FIGHT_PROP_HP": "生命值",
  "FIGHT_PROP_HP_PERCENT": "生命值",
  "FIGHT_PROP_BASE_ATTACK": "基础攻击力",
  "FIGHT_PROP_ATTACK": "攻击力",
  "FIGHT_PROP_ATTACK_PERCENT": "攻击力",
  "FIGHT_PROP_BASE_DEFENSE": "基础防御力",
  "FIGHT_PROP_DEFENSE": "防御力",
  "FIGHT_PROP_DEFENSE_PERCENT": "防御力",
  "FIGHT_PROP_BASE_SPEED": "移动速度",
  "FIGHT_PROP_SPEED_PERCENT": "移动速度",
  "FIGHT_PROP_CRITICAL": "暴击率",
  "FIGHT_PROP_ANTI_CRITICAL": "暴击抗性",
  "FIGHT_PROP_CRITICAL_HURT": "暴击伤害",
  "FIGHT_PROP_ELEMENT_MASTERY": "元素精通",
  "FIGHT_PROP_CHARGE_EFFICIENCY": "元素充能效率",
  "FIGHT_PROP_ADD_HURT": "伤害增加",
  "FIGHT_PROP_SUB_HURT": "受伤减免",
  "FIGHT_PROP_HEAL_ADD": "治疗加成",
  "FIGHT_PROP_HEALED_ADD": "受治疗加成",
  "FIGHT_PROP_FIRE_ADD_HURT": "火元素伤害加成",
  "FIGHT_PROP_FIRE_SUB_HURT": "火元素抗性",
  "FIGHT_PROP_WATER_ADD_HURT": "水元素伤害加成",
  "FIGHT_PROP_WATER_SUB_HURT": "水元素抗性",
  "FIGHT_PROP_GRASS_ADD_HURT": "草元素伤害加成",
  "FIGHT_PROP_GRASS_SUB_HURT": "草元素抗性",
  "FIGHT_PROP_ELEC_ADD_HURT": "雷元素伤害加成",
  "FIGHT_PROP_ELEC_SUB_HURT": "雷元素抗性",
  "FIGHT_PROP_ICE_ADD_HURT": "冰元素伤害加成",
  "FIGHT_PROP_ICE_SUB_HURT": "冰元素抗性",
  "FIGHT_PROP_WIND_ADD_HURT": "风元素伤害加成",
  "FIGHT_PROP_WIND_SUB_HURT": "风元素抗性",
  "FIGHT_PROP_PHYSICAL_ADD_HURT": "物理伤害加成",
  "FIGHT_PROP_PHYSICAL_SUB_HURT": "物理抗性",
  "FIGHT_PROP_ROCK_ADD_HURT": "岩元素伤害加成",
  "FIGHT_PROP_ROCK_SUB_HURT": "岩元素抗性",
  "FIGHT_PROP_EFFECT_HIT": "效果命中",
  "FIGHT_PROP_EFFECT_RESIST": "效果抵抗",
  "FIGHT_PROP_FREEZE_SHORTEN": "冻结时间缩短",
  "FIGHT_PROP_TORPOR_SHORTEN": "麻痹时间缩短",
  "FIGHT_PROP_DIZZY_SHORTEN": "眩晕时间缩短",
  "FIGHT_PROP_MAX_HP": "生命值上限",
  "FIGHT_PROP_CUR_ATTACK": "攻击力",
  "FIGHT_PROP_CUR_DEFENSE": "防御力",
  "FIGHT_PROP_CUR_SPEED": "移动速度",
  "FIGHT_PROP_CUR_HP": "生命值",
  "FIGHT_PROP_SKILL_CD_MINUS_RATIO": "冷却缩减",
  "FIGHT_PROP_SHIELD_COST_MINUS_RATIO": "护盾强效",
  "WEAPON_NONE": "未知武器",
  "WEAPON_CROSSBOW": "弩",
  "WEAPON_STAFF": "法杖",
  "WEAPON_DOUBLE_DAGGER": "双短刀",
  "WEAPON_KATANA": "太刀",
  "WEAPON_SHURIKEN": "手里剑",
  "WEAPON_STICK": "棍",
  "WEAPON_SPEAR": "长柄",
  "WEAPON_SHIELD_SMALL": "小盾",
  "WEAPON_CATALYST": "法器",
  "WEAPON_CLAYMORE": "双手剑",
  "WEAPON_BOW": "弓",
  "WEAPON_POLE": "长柄武器",
  "FIGHT_PROP_ATTACK_PERCENT_A": "攻击力百分比",
  "FIGHT_PROP_DEFENSE_PERCENT_A": "防御力百分比",
  "FIGHT_PROP_HP_PERCENT_A": "生命值百分比",
  "WEAPON_SWORD": "单手剑",
  "WEAPON_SWORD_ONE_HAND": "单手剑"
}