{
  "神里绫华": "单手剑",
  "琴": "单手剑",
  "丽莎": "法器",
  "芭芭拉": "法器",
  "凯亚": "单手剑",
  "迪卢克": "双手剑",
  "雷泽": "双手剑",
  "安柏": "弓",
  "温迪": "弓",
  "香菱": "长柄武器",
  "北斗": "双手剑",
  "行秋": "单手剑",
  "魈": "长柄武器",
  "凝光": "法器",
  "可莉": "法器",
  "钟离": "长柄武器",
  "菲谢尔": "弓",
  "班尼特": "单手剑",
  "达达利亚": "弓",
  "诺艾尔": "双手剑",
  "七七": "单手剑",
  "重云": "双手剑",
  "甘雨": "弓",
  "阿贝多": "单手剑",
  "迪奥娜": "弓",
  "莫娜": "法器",
  "刻晴": "单手剑",
  "砂糖": "法器",
  "辛焱": "双手剑",
  "罗莎莉亚": "长柄武器",
  "胡桃": "长柄武器",
  "枫原万叶": "单手剑",
  "烟绯": "法器",
  "宵宫": "弓",
  "托马": "长柄武器",
  "优菈": "双手剑",
  "雷电将军": "长柄武器",
  "早柚": "双手剑",
  "珊瑚宫心海": "法器",
  "五郎": "弓",
  "九条裟罗": "弓",
  "荒泷一斗": "双手剑",
  "八重神子": "法器",
  "鹿野院平藏": "法器",
  "夜兰": "弓",
  "埃洛伊": "弓",
  "申鹤": "长柄武器",
  "云堇": "长柄武器",
  "久岐忍": "单手剑",
  "神里绫人": "单手剑",
  "柯莱": "弓",
  "多莉": "双手剑",
  "提纳里": "弓",
  "妮露": "单手剑",
  "赛诺": "长柄武器",
  "坎蒂丝": "长柄武器",
  "纳西妲": "法器",
  "莱依拉": "单手剑",
  "流浪者": "法器",
  "珐露珊": "弓",
  "瑶瑶": "长柄武器",
  "艾尔海森": "单手剑",
  "旅行者": "单手剑",
  "迪希雅": "双手剑",
  "米卡": "长柄武器"
}