{
  "磐岩结绿": [
    "磐岩结绿",
    "绿箭",
    "绿剑"
  ],
  "斫峰之刃": [
    "斫峰之刃",
    "斫峰",
    "盾剑"
  ],
  "无工之剑": [
    "无工之剑",
    "蜈蚣",
    "蜈蚣大剑",
    "无工大剑",
    "盾大剑",
    "无工"
  ],
  "贯虹之槊": [
    "贯虹之槊",
    "贯虹",
    "岩枪",
    "盾枪"
  ],
  "赤角石溃杵": [
    "赤角石溃杵",
    "赤角",
    "石溃杵",
    "荒泷一斗专武"
  ],
  "尘世之锁": [
    "尘世之锁",
    "尘世锁",
    "尘世",
    "盾书",
    "锁"
  ],
  "终末嗟叹之诗": [
    "终末嗟叹之诗",
    "终末",
    "终末弓",
    "叹气弓",
    "乐团弓"
  ],
  "松籁响起之时": [
    "松籁响起之时",
    "松籁",
    "乐团大剑",
    "松剑",
    "优菈专武"
  ],
  "苍古自由之誓": [
    "苍古自由之誓",
    "苍古",
    "乐团剑"
  ],
  "「渔获」": [
    "「渔获」",
    "渔获",
    "鱼叉"
  ],
  "衔珠海皇": [
    "衔珠海皇",
    "海皇",
    "咸鱼剑",
    "咸鱼大剑"
  ],
  "匣里日月": [
    "匣里日月",
    "日月"
  ],
  "匣里灭辰": [
    "匣里灭辰",
    "灭辰"
  ],
  "匣里龙吟": [
    "匣里龙吟",
    "龙吟"
  ],
  "天空之翼": [
    "天空之翼",
    "天空弓"
  ],
  "天空之刃": [
    "天空之刃",
    "天空剑"
  ],
  "天空之卷": [
    "天空之卷",
    "天空书",
    "厕纸"
  ],
  "天空之脊": [
    "天空之脊",
    "天空枪",
    "薄荷枪"
  ],
  "天空之傲": [
    "天空之傲",
    "天空大剑"
  ],
  "四风原典": [
    "四风原典",
    "四风"
  ],
  "试作斩岩": [
    "试作斩岩",
    "斩岩"
  ],
  "试作星镰": [
    "试作星镰",
    "星镰"
  ],
  "试作金珀": [
    "试作金珀",
    "金珀"
  ],
  "试作古华": [
    "试作古华",
    "古华"
  ],
  "试作澹月": [
    "试作澹月",
    "澹月"
  ],
  "千岩长枪": [
    "千岩长枪",
    "千岩枪"
  ],
  "千岩古剑": [
    "千岩古剑",
    "千岩剑",
    "千岩大剑"
  ],
  "暗巷闪光": [
    "暗巷闪光",
    "暗巷剑"
  ],
  "暗巷猎手": [
    "暗巷猎手",
    "暗巷弓"
  ],
  "阿莫斯之弓": [
    "阿莫斯之弓",
    "阿莫斯",
    "ams",
    "痛苦弓",
    "甘雨专武"
  ],
  "雾切之回光": [
    "雾切之回光",
    "雾切",
    "神里绫华专武"
  ],
  "飞雷之弦振": [
    "飞雷之弦振",
    "飞雷",
    "飞雷弓",
    "宵宫专武"
  ],
  "薙草之稻光": [
    "薙草之稻光",
    "薙草",
    "稻光",
    "薙草稻光",
    "马尾枪",
    "马尾",
    "薙刀",
    "雷神专武"
  ],
  "神乐之真意": [
    "神乐之真意",
    "神乐",
    "真意",
    "八重神子专武"
  ],
  "狼的末路": [
    "狼的末路",
    "狼末"
  ],
  "护摩之杖": [
    "护摩之杖",
    "护摩",
    "护摩枪",
    "护膜",
    "胡桃专武"
  ],
  "和璞鸢": [
    "和璞鸢",
    "鸟枪",
    "绿枪",
    "魈专武"
  ],
  "风鹰剑": [
    "风鹰剑",
    "风鹰"
  ],
  "冬极白星": [
    "冬极白星",
    "冬极",
    "公子专武",
    "达达利亚专武"
  ],
  "不灭月华": [
    "不灭月华",
    "月华",
    "心海专武",
    "珊瑚宫心海专武"
  ],
  "波乱月白经津": [
    "波乱月白经津",
    "波乱",
    "月白",
    "月经剑",
    "波波津",
    "神里绫人专武"
  ],
  "若水": [
    "若水",
    "麒麟弓",
    "夜兰专武"
  ],
  "昭心": [
    "昭心",
    "糟心"
  ],
  "幽夜华尔兹": [
    "幽夜华尔兹",
    "幽夜",
    "幽夜弓",
    "华尔兹",
    "皇女弓"
  ],
  "雪葬的星银": [
    "雪葬的星银",
    "雪葬",
    "星银",
    "雪葬星银",
    "雪山大剑"
  ],
  "喜多院十文字": [
    "喜多院十文字",
    "喜多院",
    "十文字"
  ],
  "万国诸海图谱": [
    "万国诸海图谱",
    "万国",
    "万国诸海"
  ],
  "天目影打刀": [
    "天目影打刀",
    "天目刀",
    "天目"
  ],
  "破魔之弓": [
    "破魔之弓",
    "破魔弓"
  ],
  "曚云之月": [
    "曚云之月",
    "曚云弓"
  ],
  "流月针": [
    "流月针",
    "针"
  ],
  "流浪乐章": [
    "流浪乐章",
    "赌狗书",
    "赌狗乐章",
    "赌狗"
  ],
  "桂木斩长正": [
    "桂木斩长正",
    "桂木",
    "斩长正"
  ],
  "腐殖之剑": [
    "腐殖之剑",
    "腐殖",
    "腐殖剑"
  ],
  "风花之颂": [
    "风花之颂",
    "风花弓"
  ],
  "证誓之明瞳": [
    "证誓之明瞳",
    "证誓",
    "明瞳",
    "证誓明瞳"
  ],
  "嘟嘟可故事集": [
    "嘟嘟可故事集",
    "嘟嘟可"
  ],
  "辰砂之纺锤": [
    "辰砂之纺锤",
    "辰砂",
    "辰砂纺锤",
    "纺锤"
  ],
  "白辰之环": [
    "白辰之环",
    "白辰",
    "白辰环"
  ],
  "决斗之枪": [
    "决斗之枪",
    "决斗枪",
    "决斗",
    "月卡枪"
  ],
  "螭骨剑": [
    "螭骨剑",
    "螭骨",
    "丈育剑",
    "离骨剑",
    "月卡大剑"
  ],
  "黑剑": [
    "黑剑",
    "月卡剑"
  ],
  "苍翠猎弓": [
    "苍翠猎弓",
    "绿弓",
    "月卡弓"
  ],
  "讨龙英杰谭": [
    "讨龙英杰谭",
    "讨龙"
  ],
  "神射手之誓": [
    "神射手之誓",
    "脚气弓",
    "神射手"
  ],
  "黑缨枪": [
    "黑缨枪",
    "史莱姆枪"
  ],
  "以理服人": [
    "以理服人"
  ],
  "佣兵重剑": [
    "佣兵重剑"
  ],
  "信使": [
    "信使"
  ],
  "冷刃": [
    "冷刃"
  ],
  "历练的猎弓": [
    "历练的猎弓"
  ],
  "反曲弓": [
    "反曲弓"
  ],
  "口袋魔导书": [
    "口袋魔导书"
  ],
  "吃虎鱼刀": [
    "吃虎鱼刀"
  ],
  "学徒笔记": [
    "学徒笔记"
  ],
  "宗室大剑": [
    "宗室大剑"
  ],
  "宗室猎枪": [
    "宗室猎枪"
  ],
  "宗室秘法录": [
    "宗室秘法录"
  ],
  "宗室长剑": [
    "宗室长剑"
  ],
  "宗室长弓": [
    "宗室长弓"
  ],
  "异世界行记": [
    "异世界行记"
  ],
  "弓藏": [
    "弓藏"
  ],
  "弹弓": [
    "弹弓"
  ],
  "忍冬之果": [
    "忍冬之果"
  ],
  "息灾": [
    "息灾"
  ],
  "恶王丸": [
    "恶王丸"
  ],
  "掠食者": [
    "掠食者"
  ],
  "断浪长鳍": [
    "断浪长鳍"
  ],
  "新手长枪": [
    "新手长枪"
  ],
  "旅行剑": [
    "旅行剑"
  ],
  "无锋剑": [
    "无锋剑"
  ],
  "暗巷的酒与诗": [
    "暗巷的酒与诗"
  ],
  "暗铁剑": [
    "暗铁剑"
  ],
  "沐浴龙血的剑": [
    "沐浴龙血的剑"
  ],
  "猎弓": [
    "猎弓"
  ],
  "甲级宝珏": [
    "甲级宝珏"
  ],
  "白影剑": [
    "白影剑"
  ],
  "白缨枪": [
    "白缨枪"
  ],
  "白铁大剑": [
    "白铁大剑"
  ],
  "祭礼剑": [
    "祭礼剑"
  ],
  "祭礼大剑": [
    "祭礼大剑"
  ],
  "祭礼弓": [
    "祭礼弓"
  ],
  "祭礼残章": [
    "祭礼残章"
  ],
  "笛剑": [
    "笛剑"
  ],
  "绝弦": [
    "绝弦"
  ],
  "翡玉法球": [
    "翡玉法球"
  ],
  "落霞": [
    "落霞"
  ],
  "西风剑": [
    "西风剑"
  ],
  "西风大剑": [
    "西风大剑"
  ],
  "西风猎弓": [
    "西风猎弓"
  ],
  "西风秘典": [
    "西风秘典"
  ],
  "西风长枪": [
    "西风长枪"
  ],
  "训练大剑": [
    "训练大剑"
  ],
  "钟剑": [
    "钟剑"
  ],
  "钢轮弓": [
    "钢轮弓"
  ],
  "钺矛": [
    "钺矛"
  ],
  "铁尖枪": [
    "铁尖枪"
  ],
  "铁影阔剑": [
    "铁影阔剑"
  ],
  "铁蜂刺": [
    "铁蜂刺"
  ],
  "银剑": [
    "银剑"
  ],
  "降临之剑": [
    "降临之剑"
  ],
  "雨裁": [
    "雨裁"
  ],
  "飞天大御剑": [
    "飞天大御剑"
  ],
  "飞天御剑": [
    "飞天御剑"
  ],
  "魔导绪论": [
    "魔导绪论"
  ],
  "鸦羽弓": [
    "鸦羽弓"
  ],
  "黎明神剑": [
    "黎明神剑"
  ],
  "黑岩刺枪": [
    "黑岩刺枪",
    "黑岩枪"
  ],
  "黑岩战弓": [
    "黑岩战弓",
    "黑岩弓"
  ],
  "黑岩斩刀": [
    "黑岩斩刀"
  ],
  "黑岩绯玉": [
    "黑岩绯玉"
  ],
  "黑岩长剑": [
    "黑岩长剑"
  ],
  "龙脊长枪": [
    "龙脊长枪"
  ],
  "笼钓瓶一心": [
    "笼钓瓶一心",
    "万叶刀",
    "一心传名刀"
  ],
  "猎人之径": [
    "猎人之径",
    "绿弓",
    "草弓",
    "提纳里专武"
  ],
  "竭泽": [
    "竭泽",
    "鱼弓"
  ],
  "王下近侍": [
    "王下近侍",
    "须弥锻造弓"
  ],
  "贯月矢": [
    "贯月矢",
    "须弥锻造长枪"
  ],
  "盈满之实": [
    "盈满之实",
    "须弥锻造法器"
  ],
  "森林王器": [
    "森林王器",
    "须弥锻造大剑"
  ],
  "原木刀": [
    "原木刀",
    "须弥锻造单手剑"
  ],
  "圣显之钥": [
    "圣显之钥",
    "圣显",
    "不灭剑华",
    "妮露专武"
  ],
  "西福斯的月光": [
    "西福斯的月光",
    "西福斯",
    "月光"
  ],
  "赤沙之杖": [
    "赤沙之杖",
    "赤沙",
    "赛诺专武"
  ],
  "风信之锋": [
    "风信之锋",
    "风信"
  ],
  "玛海菈的水色": [
    "玛海菈的水色",
    "玛海菈",
    "水色"
  ],
  "千夜浮梦": [
    "千夜浮梦",
    "千夜",
    "神灯",
    "茶壶",
    "纳西妲专武"
  ],
  "流浪的晚星": [
    "流浪的晚星",
    "晚星"
  ],
  "东花坊时雨": [
    "东花坊时雨",
    "东花坊",
    "时雨",
    "伞"
  ],
  "图莱杜拉的回忆": [
    "图莱杜拉的回忆",
    "图莱杜拉",
    "散兵专武",
    "铃铛"
  ],
  "裁叶萃光": [
    "裁叶萃光",
    "裁叶",
    "草剑",
    "叶剑",
    "艾尔海森专武"
  ],
  "苇海信标": [
    "苇海信标",
    "信标",
    "迪希雅专武"
  ],
  "饰铁之花": [
    "饰铁之花",
    "饰铁"
  ]
}