{
  "神里绫华": "单手剑",
  "琴": "单手剑",
  "丽莎": "法器",
  "芭芭拉": "法器",
  "凯亚": "单手剑",
  "迪卢克": "双手剑",
  "雷泽": "双手剑",
  "安柏": "弓",
  "温迪": "弓",
  "香菱": "长柄武器",
  "北斗": "双手剑",
  "行秋": "单手剑",
  "魈": "长柄武器",
  "凝光": "法器",
  "可莉": "法器",
  "钟离": "长柄武器",
  "菲谢尔": "弓",
  "班尼特": "单手剑",
  "达达利亚": "弓",
  "诺艾尔": "双手剑",
  "七七": "单手剑",
  "重云": "双手剑",
  "甘雨": "弓",
  "阿贝多": "单手剑",
  "迪奥娜": "弓",
  "莫娜": "法器",
  "刻晴": "单手剑",
  "砂糖": "法器",
  "辛焱": "双手剑",
  "罗莎莉亚": "长柄武器",
  "胡桃": "长柄武器",
  "枫原万叶": "单手剑",
  "烟绯": "法器",
  "宵宫": "弓",
  "托马": "长柄武器",
  "优菈": "双手剑",
  "雷电将军": "长柄武器",
  "早柚": "双手剑",
  "珊瑚宫心海": "法器",
  "五郎": "弓",
  "九条裟罗": "弓",
  "荒泷一斗": "双手剑",
  "八重神子": "法器",
  "鹿野院平藏": "法器",
  "夜兰": "弓",
  "埃洛伊": "弓",
  "申鹤": "长柄武器",
  "云堇": "长柄武器",
  "久岐忍": "单手剑",
  "神里绫人": "单手剑",
  "柯莱": "弓",
  "多莉": "双手剑",
  "提纳里": "弓",
  "妮露": "单手剑",
  "赛诺": "长柄武器",
  "坎蒂丝": "长柄武器",
  "纳西妲": "法器",
  "莱依拉": "单手剑",
  "流浪者": "法器",
  "珐露珊": "弓",
  "瑶瑶": "长柄武器",
  "艾尔海森": "单手剑",
  "旅行者": "单手剑",
  "迪希雅": "双手剑",
  "米卡": "长柄武器",
  "无锋剑": "单手剑",
  "银剑": "单手剑",
  "冷刃": "单手剑",
  "黎明神剑": "单手剑",
  "旅行剑": "单手剑",
  "暗铁剑": "单手剑",
  "吃虎鱼刀": "单手剑",
  "飞天御剑": "单手剑",
  "西风剑": "单手剑",
  "笛剑": "单手剑",
  "祭礼剑": "单手剑",
  "宗室长剑": "单手剑",
  "匣里龙吟": "单手剑",
  "试作斩岩": "单手剑",
  "铁蜂刺": "单手剑",
  "黑岩长剑": "单手剑",
  "黑剑": "单手剑",
  "暗巷闪光": "单手剑",
  "降临之剑": "单手剑",
  "腐殖之剑": "单手剑",
  "天目影打刀": "单手剑",
  "辰砂之纺锤": "单手剑",
  "笼钓瓶一心": "单手剑",
  "原木刀": "单手剑",
  "西福斯的月光": "单手剑",
  "东花坊时雨": "单手剑",
  "风鹰剑": "单手剑",
  "天空之刃": "单手剑",
  "苍古自由之誓": "单手剑",
  "斫峰之刃": "单手剑",
  "磐岩结绿": "单手剑",
  "雾切之回光": "单手剑",
  "波乱月白经津": "单手剑",
  "圣显之钥": "单手剑",
  "裁叶萃光": "单手剑",
  "训练大剑": "双手剑",
  "佣兵重剑": "双手剑",
  "铁影阔剑": "双手剑",
  "沐浴龙血的剑": "双手剑",
  "白铁大剑": "双手剑",
  "以理服人": "双手剑",
  "飞天大御剑": "双手剑",
  "西风大剑": "双手剑",
  "钟剑": "双手剑",
  "祭礼大剑": "双手剑",
  "宗室大剑": "双手剑",
  "雨裁": "双手剑",
  "试作古华": "双手剑",
  "白影剑": "双手剑",
  "黑岩斩刀": "双手剑",
  "螭骨剑": "双手剑",
  "千岩古剑": "双手剑",
  "雪葬的星银": "双手剑",
  "衔珠海皇": "双手剑",
  "桂木斩长正": "双手剑",
  "玛海菈的水色": "双手剑",
  "恶王丸": "双手剑",
  "森林王器": "双手剑",
  "饰铁之花": "双手剑",
  "天空之傲": "双手剑",
  "狼的末路": "双手剑",
  "松籁响起之时": "双手剑",
  "无工之剑": "双手剑",
  "赤角石溃杵": "双手剑",
  "苇海信标": "双手剑",
  "新手长枪": "长柄武器",
  "铁尖枪": "长柄武器",
  "白缨枪": "长柄武器",
  "钺矛": "长柄武器",
  "黑缨枪": "长柄武器",
  "匣里灭辰": "长柄武器",
  "试作星镰": "长柄武器",
  "流月针": "长柄武器",
  "黑岩刺枪": "长柄武器",
  "决斗之枪": "长柄武器",
  "千岩长枪": "长柄武器",
  "西风长枪": "长柄武器",
  "宗室猎枪": "长柄武器",
  "龙脊长枪": "长柄武器",
  "喜多院十文字": "长柄武器",
  "「渔获」": "长柄武器",
  "断浪长鳍": "长柄武器",
  "贯月矢": "长柄武器",
  "风信之锋": "长柄武器",
  "护摩之杖": "长柄武器",
  "天空之脊": "长柄武器",
  "贯虹之槊": "长柄武器",
  "和璞鸢": "长柄武器",
  "息灾": "长柄武器",
  "薙草之稻光": "长柄武器",
  "赤沙之杖": "长柄武器",
  "学徒笔记": "法器",
  "口袋魔导书": "法器",
  "魔导绪论": "法器",
  "讨龙英杰谭": "法器",
  "异世界行记": "法器",
  "翡玉法球": "法器",
  "甲级宝珏": "法器",
  "西风秘典": "法器",
  "流浪乐章": "法器",
  "祭礼残章": "法器",
  "宗室秘法录": "法器",
  "匣里日月": "法器",
  "试作金珀": "法器",
  "万国诸海图谱": "法器",
  "黑岩绯玉": "法器",
  "昭心": "法器",
  "暗巷的酒与诗": "法器",
  "忍冬之果": "法器",
  "嘟嘟可故事集": "法器",
  "白辰之环": "法器",
  "证誓之明瞳": "法器",
  "流浪的晚星": "法器",
  "盈满之实": "法器",
  "天空之卷": "法器",
  "四风原典": "法器",
  "尘世之锁": "法器",
  "不灭月华": "法器",
  "神乐之真意": "法器",
  "千夜浮梦": "法器",
  "图莱杜拉的回忆": "法器",
  "猎弓": "弓",
  "历练的猎弓": "弓",
  "鸦羽弓": "弓",
  "神射手之誓": "弓",
  "反曲弓": "弓",
  "弹弓": "弓",
  "信使": "弓",
  "西风猎弓": "弓",
  "绝弦": "弓",
  "祭礼弓": "弓",
  "宗室长弓": "弓",
  "弓藏": "弓",
  "试作澹月": "弓",
  "钢轮弓": "弓",
  "黑岩战弓": "弓",
  "苍翠猎弓": "弓",
  "暗巷猎手": "弓",
  "落霞": "弓",
  "幽夜华尔兹": "弓",
  "风花之颂": "弓",
  "破魔之弓": "弓",
  "掠食者": "弓",
  "曚云之月": "弓",
  "王下近侍": "弓",
  "竭泽": "弓",
  "天空之翼": "弓",
  "阿莫斯之弓": "弓",
  "终末嗟叹之诗": "弓",
  "冬极白星": "弓",
  "若水": "弓",
  "飞雷之弦振": "弓",
  "猎人之径": "弓",
  "卡维": "双手剑",
  "白术": "法器",
  "碧落之珑": "法器",
  "绮良良": "单手剑",
  "鹮穿之喙": "弓",
  "琳妮特": "单手剑",
  "林尼": "弓",
  "菲米尼": "双手剑",
  "狼牙": "单手剑",
  "海渊终曲": "单手剑",
  "灰河渡手": "单手剑",
  "聊聊棒": "双手剑",
  "浪影阔剑": "双手剑",
  "峡湾长歌": "长柄武器",
  "公义的酬报": "长柄武器",
  "遗祀玉珑": "法器",
  "纯水流华": "法器",
  "烈阳之嗣": "弓",
  "静谧之曲": "弓",
  "最初的大魔术": "弓"
}