{
  "角色": {
    "武器类型": {
      "单手剑": [
        "神里绫华",
        "琴",
        "凯亚",
        "行秋",
        "班尼特",
        "七七",
        "阿贝多",
        "刻晴",
        "枫原万叶",
        "久岐忍",
        "神里绫人",
        "妮露",
        "莱依拉",
        "艾尔海森",
        "旅行者"
      ],
      "法器": [
        "丽莎",
        "芭芭拉",
        "凝光",
        "可莉",
        "莫娜",
        "砂糖",
        "烟绯",
        "珊瑚宫心海",
        "八重神子",
        "鹿野院平藏",
        "纳西妲",
        "流浪者"
      ],
      "双手剑": [
        "迪卢克",
        "雷泽",
        "北斗",
        "诺艾尔",
        "重云",
        "辛焱",
        "优菈",
        "早柚",
        "荒泷一斗",
        "多莉"
      ],
      "弓": [
        "安柏",
        "温迪",
        "菲谢尔",
        "达达利亚",
        "甘雨",
        "迪奥娜",
        "宵宫",
        "五郎",
        "九条裟罗",
        "夜兰",
        "埃洛伊",
        "柯莱",
        "提纳里",
        "珐露珊"
      ],
      "长柄武器": [
        "香菱",
        "魈",
        "钟离",
        "罗莎莉亚",
        "胡桃",
        "托马",
        "雷电将军",
        "申鹤",
        "云堇",
        "赛诺",
        "坎蒂丝",
        "瑶瑶"
      ]
    },
    "元素类型": {
      "冰": [
        "神里绫华",
        "凯亚",
        "七七",
        "重云",
        "甘雨",
        "迪奥娜",
        "罗莎莉亚",
        "优菈",
        "埃洛伊",
        "申鹤",
        "莱依拉"
      ],
      "风": [
        "琴",
        "温迪",
        "魈",
        "砂糖",
        "枫原万叶",
        "早柚",
        "鹿野院平藏",
        "流浪者",
        "珐露珊",
        "旅行者"
      ],
      "雷": [
        "丽莎",
        "雷泽",
        "北斗",
        "菲谢尔",
        "刻晴",
        "雷电将军",
        "九条裟罗",
        "八重神子",
        "久岐忍",
        "多莉",
        "赛诺",
        "旅行者"
      ],
      "水": [
        "芭芭拉",
        "行秋",
        "达达利亚",
        "莫娜",
        "珊瑚宫心海",
        "夜兰",
        "神里绫人",
        "妮露",
        "坎蒂丝"
      ],
      "火": [
        "迪卢克",
        "安柏",
        "香菱",
        "可莉",
        "班尼特",
        "辛焱",
        "胡桃",
        "烟绯",
        "宵宫",
        "托马"
      ],
      "岩": [
        "凝光",
        "钟离",
        "诺艾尔",
        "阿贝多",
        "五郎",
        "荒泷一斗",
        "云堇",
        "旅行者"
      ],
      "草": [
        "柯莱",
        "提纳里",
        "纳西妲",
        "瑶瑶",
        "艾尔海森",
        "旅行者"
      ]
    }
  },
  "武器": {
    "单手剑": [
      "无锋剑",
      "银剑",
      "冷刃",
      "黎明神剑",
      "旅行剑",
      "暗铁剑",
      "吃虎鱼刀",
      "飞天御剑",
      "西风剑",
      "笛剑",
      "祭礼剑",
      "宗室长剑",
      "匣里龙吟",
      "试作斩岩",
      "铁蜂刺",
      "黑岩长剑",
      "黑剑",
      "暗巷闪光",
      "降临之剑",
      "腐殖之剑",
      "天目影打刀",
      "辰砂之纺锤",
      "笼钓瓶一心",
      "原木刀",
      "西福斯的月光",
      "东花坊时雨",
      "风鹰剑",
      "天空之刃",
      "苍古自由之誓",
      "斫峰之刃",
      "磐岩结绿",
      "雾切之回光",
      "波乱月白经津",
      "圣显之钥",
      "裁叶萃光"
    ],
    "双手剑": [
      "训练大剑",
      "佣兵重剑",
      "铁影阔剑",
      "沐浴龙血的剑",
      "白铁大剑",
      "以理服人",
      "飞天大御剑",
      "西风大剑",
      "钟剑",
      "祭礼大剑",
      "宗室大剑",
      "雨裁",
      "试作古华",
      "白影剑",
      "黑岩斩刀",
      "螭骨剑",
      "千岩古剑",
      "雪葬的星银",
      "衔珠海皇",
      "桂木斩长正",
      "玛海菈的水色",
      "恶王丸",
      "森林王器",
      "天空之傲",
      "狼的末路",
      "松籁响起之时",
      "无工之剑",
      "赤角石溃杵"
    ],
    "长柄武器": [
      "新手长枪",
      "铁尖枪",
      "白缨枪",
      "钺矛",
      "黑缨枪",
      "匣里灭辰",
      "试作星镰",
      "流月针",
      "黑岩刺枪",
      "决斗之枪",
      "千岩长枪",
      "西风长枪",
      "宗室猎枪",
      "龙脊长枪",
      "喜多院十文字",
      "「渔获」",
      "断浪长鳍",
      "贯月矢",
      "风信之锋",
      "护摩之杖",
      "天空之脊",
      "贯虹之槊",
      "和璞鸢",
      "息灾",
      "薙草之稻光",
      "赤沙之杖"
    ],
    "法器": [
      "学徒笔记",
      "口袋魔导书",
      "魔导绪论",
      "讨龙英杰谭",
      "异世界行记",
      "翡玉法球",
      "甲级宝珏",
      "西风秘典",
      "流浪乐章",
      "祭礼残章",
      "宗室秘法录",
      "匣里日月",
      "试作金珀",
      "万国诸海图谱",
      "黑岩绯玉",
      "昭心",
      "暗巷的酒与诗",
      "忍冬之果",
      "嘟嘟可故事集",
      "白辰之环",
      "证誓之明瞳",
      "流浪的晚星",
      "盈满之实",
      "天空之卷",
      "四风原典",
      "尘世之锁",
      "不灭月华",
      "神乐之真意",
      "千夜浮梦",
      "图莱杜拉的回忆"
    ],
    "弓": [
      "猎弓",
      "历练的猎弓",
      "鸦羽弓",
      "神射手之誓",
      "反曲弓",
      "弹弓",
      "信使",
      "西风猎弓",
      "绝弦",
      "祭礼弓",
      "宗室长弓",
      "弓藏",
      "试作澹月",
      "钢轮弓",
      "黑岩战弓",
      "苍翠猎弓",
      "暗巷猎手",
      "落霞",
      "幽夜华尔兹",
      "风花之颂",
      "破魔之弓",
      "掠食者",
      "曚云之月",
      "王下近侍",
      "竭泽",
      "天空之翼",
      "阿莫斯之弓",
      "终末嗟叹之诗",
      "冬极白星",
      "若水",
      "飞雷之弦振",
      "猎人之径"
    ]
  }
}