{
  "10000002": [
    "神里绫华",
    "绫华",
    "大小姐",
    "小乌龟",
    "白鹭公主",
    "0华",
    "神里妹",
    "凌华",
    "神里凌华"
  ],
  "10000003": [
    "琴",
    "团长",
    "琴团长",
    "蒲公英骑士"
  ],
  "10000005": [
    "空",
    "空哥",
    "龙哥",
    "哥哥",
    "旅行者",
    "主角"
  ],
  "10000006": [
    "丽莎",
    "蔷薇魔女"
  ],
  "10000007": [
    "荧",
    "荧妹",
    "爷",
    "妹妹",
    "旅行者",
    "主角"
  ],
  "10000014": [
    "芭芭拉",
    "偶像",
    "内鬼",
    "牧师"
  ],
  "10000015": [
    "凯亚",
    "凝冰渡海真君",
    "矿工"
  ],
  "10000016": [
    "迪卢克",
    "卢姥爷",
    "姥爷",
    "老爷",
    "卢锅巴",
    "正义人",
    "正e人",
    "落魄人"
  ],
  "10000020": [
    "雷泽",
    "物泽",
    "小狼",
    "狼崽",
    "卢皮卡"
  ],
  "10000021": [
    "安柏",
    "蒙德第一火弓",
    "打火机",
    "侦查骑士"
  ],
  "10000022": [
    "温迪",
    "巴巴托斯",
    "风神",
    "芭芭脱丝",
    "卖唱的",
    "苹果酒",
    "不干正事真君",
    "吟游诗人"
  ],
  "10000023": [
    "香菱",
    "卯师傅",
    "锅巴",
    "灶神",
    "香师傅"
  ],
  "10000024": [
    "北斗",
    "大姐头",
    "船长",
    "龙王"
  ],
  "10000025": [
    "行秋",
    "水神",
    "秋秋人",
    "少爷"
  ],
  "10000026": [
    "魈",
    "金鹏",
    "夜叉",
    "三眼五显仙人",
    "降魔大圣",
    "靖妖傩舞",
    "打桩机"
  ],
  "10000027": [
    "凝光",
    "富婆",
    "天权星"
  ],
  "10000029": [
    "可莉",
    "哒哒哒",
    "炸弹人",
    "火花骑士",
    "嘟嘟可"
  ],
  "10000030": [
    "钟离",
    "帝君",
    "先生",
    "老爷子",
    "岩神",
    "摩拉克斯",
    "岩王爷",
    "岩王帝君"
  ],
  "10000031": [
    "菲谢尔",
    "皇女",
    "奥兹",
    "乌鸦",
    "中二少女",
    "小艾咪"
  ],
  "10000032": [
    "班尼特",
    "班爷",
    "班神",
    "点赞哥",
    "火神"
  ],
  "10000033": [
    "达达利亚",
    "公子",
    "愚人众",
    "阿贾克斯",
    "鸭鸭",
    "达达鸭",
    "玩具销售员"
  ],
  "10000034": [
    "诺艾尔",
    "女仆",
    "高达",
    "岩王帝姬"
  ],
  "10000035": [
    "七七",
    "77",
    "僵尸",
    "肚饿真君"
  ],
  "10000036": [
    "重云",
    "冰棍"
  ],
  "10000037": [
    "甘雨",
    "秘书",
    "王小美",
    "RPG",
    "椰羊",
    "椰奶"
  ],
  "10000038": [
    "阿贝多",
    "炼金术士",
    "花呗多"
  ],
  "10000039": [
    "迪奥娜",
    "dio娜",
    "猫猫",
    "冰猫"
  ],
  "10000041": [
    "莫娜",
    "穷b",
    "占星术士",
    "半部讨龙真君"
  ],
  "10000042": [
    "刻晴",
    "刻师傅",
    "阿晴",
    "刻猫猫",
    "牛杂师傅",
    "玉衡星"
  ],
  "10000043": [
    "砂糖",
    "眼镜娘",
    "雷莹"
  ],
  "10000044": [
    "辛焱",
    "黑妹",
    "摇滚"
  ],
  "10000045": [
    "罗莎莉亚",
    "修女",
    "罗莎"
  ],
  "10000046": [
    "胡桃",
    "whotao",
    "堂主"
  ],
  "10000047": [
    "枫原万叶",
    "万叶",
    "叶天帝"
  ],
  "10000048": [
    "烟绯",
    "罗翔",
    "律师"
  ],
  "10000049": [
    "宵宫",
    "烟花",
    "霄宫",
    "稻妻第一火弓"
  ],
  "10000050": [
    "托马",
    "保姆",
    "家政"
  ],
  "10000051": [
    "优菈",
    "优拉",
    "浪花骑士",
    "记仇的",
    "尤拉"
  ],
  "10000052": [
    "雷电将军",
    "雷神",
    "巴尔",
    "雷军",
    "雷电影",
    "影",
    "煮饭婆",
    "奶香一刀"
  ],
  "10000053": [
    "早柚",
    "忍者",
    "终末番"
  ],
  "10000054": [
    "珊瑚宫心海",
    "心海",
    "军师",
    "美人鱼",
    "观赏鱼",
    "龙王"
  ],
  "10000055": [
    "五郎",
    "狗狗",
    "修狗",
    "希娜小姐"
  ],
  "10000056": [
    "九条裟罗",
    "九条"
  ],
  "10000057": [
    "荒泷一斗",
    "一斗",
    "哈哈哈",
    "斗子哥"
  ],
  "10000058": [
    "八重神子",
    "神子",
    "八重",
    "狐狸",
    "屑狐狸"
  ],
  "10000062": [
    "埃洛伊"
  ],
  "10000063": [
    "申鹤",
    "小姨",
    "小姨妈"
  ],
  "10000064": [
    "云堇",
    "云先生",
    "云瑾"
  ],
  "10000066": [
    "神里绫人",
    "0人",
    "大舅子",
    "小舅子",
    "绫人",
    "神里哥",
    "凌人",
    "神里凌人"
  ],
  "10000060": [
    "夜兰",
    "夜阑",
    "叶兰"
  ],
  "10000065": [
    "久岐忍",
    "忍者",
    "阿卡丽",
    "97忍",
    "97人"
  ],
  "10000059": [
    "鹿野院平藏",
    "近战法师",
    "平藏",
    "小鹿"
  ],
  "10000067": [
    "柯莱",
    "科莱"
  ],
  "10000068": [
    "多莉",
    "克隆羊",
    "商人"
  ],
  "10000069": [
    "提纳里",
    "小驴",
    "小提"
  ],
  "10000070": [
    "妮露",
    "舞女"
  ],
  "10000071": [
    "赛诺",
    "大风纪官"
  ],
  "10000072": [
    "坎蒂丝",
    "潘森"
  ],
  "10000073": [
    "纳西妲",
    "草神",
    "艹神",
    "小草王",
    "小吉祥草王",
    "羽毛球",
    "布耶尔"
  ],
  "10000074": [
    "莱依拉",
    "莱伊拉"
  ],
  "10000075": [
    "流浪者",
    "散兵",
    "国崩",
    "大炮"
  ],
  "10000076": [
    "珐露珊",
    "法露珊",
    "珐妹",
    "初音",
    "miku",
    "前辈"
  ],
  "10000077": [
    "瑶瑶"
  ],
  "10000078": [
    "艾尔海森",
    "海哥",
    "大贤者"
  ],
  "10000079": [
    "迪希雅"
  ],
  "10000080": [
    "米卡"
  ],
  "10000081": [
    "卡维"
  ],
  "10000082": [
    "白术"
  ],
  "10000061": [
    "绮良良"
  ],
  "10000083": [
    "琳妮特"
  ],
  "10000084": [
    "林尼"
  ],
  "10000085": [
    "菲米尼"
  ]
}