{
  "id": "11301",
  "name": "冷刃",
  "rank": 3,
  "type": "单手剑",
  "icon": {
    "icon": "UI_EquipIcon_Sword_Steel",
    "awaken": "UI_EquipIcon_Sword_Steel_Awaken",
    "gacha": "UI_Gacha_EquipIcon_Sword_Steel"
  },
  "property": [
    {
      "base": {
        "propType": "FIGHT_PROP_BASE_ATTACK",
        "initValue": 38.7413,
        "type": "GROW_CURVE_ATTACK_101"
      },
      "promote": [
        19.5,
        38.9,
        58.4,
        77.8,
        97.3,
        116.7
      ]
    },
    {
      "base": {
        "propType": "FIGHT_PROP_ATTACK_PERCENT",
        "initValue": 0.0766,
        "type": "GROW_CURVE_CRITICAL_101"
      }
    }
  ],
  "buff": []
}