{
  "id": "11501",
  "name": "风鹰剑",
  "rank": 5,
  "type": "单手剑",
  "icon": {
    "icon": "UI_EquipIcon_Sword_Falcon",
    "awaken": "UI_EquipIcon_Sword_Falcon_Awaken",
    "gacha": "UI_Gacha_EquipIcon_Sword_Falcon"
  },
  "property": [
    {
      "base": {
        "propType": "FIGHT_PROP_BASE_ATTACK",
        "initValue": 47.537,
        "type": "GROW_CURVE_ATTACK_302"
      },
      "promote": [
        31.1,
        62.2,
        93.4,
        124.5,
        155.60001,
        186.7
      ]
    },
    {
      "base": {
        "propType": "FIGHT_PROP_PHYSICAL_ADD_HURT",
        "initValue": 0.09,
        "type": "GROW_CURVE_CRITICAL_301"
      }
    }
  ],
  "buff": []
}