{
  "id": "11511",
  "name": "圣显之钥",
  "rank": 5,
  "type": "单手剑",
  "icon": {
    "icon": "UI_EquipIcon_Sword_Deshret",
    "awaken": "UI_EquipIcon_Sword_Deshret_Awaken",
    "gacha": "UI_Gacha_EquipIcon_Sword_Deshret"
  },
  "property": [
    {
      "base": {
        "propType": "FIGHT_PROP_BASE_ATTACK",
        "initValue": 44.3358,
        "type": "GROW_CURVE_ATTACK_304"
      },
      "promote": [
        31.1,
        62.2,
        93.4,
        124.5,
        155.60001,
        186.7
      ]
    },
    {
      "base": {
        "propType": "FIGHT_PROP_HP_PERCENT",
        "initValue": 0.144,
        "type": "GROW_CURVE_CRITICAL_301"
      }
    }
  ],
  "buff": []
}