{
  "id": "12201",
  "name": "佣兵重剑",
  "rank": 2,
  "type": "双手剑",
  "icon": {
    "icon": "UI_EquipIcon_Claymore_Oyaji",
    "awaken": "UI_EquipIcon_Claymore_Oyaji_Awaken",
    "gacha": "UI_Gacha_EquipIcon_Claymore_Oyaji"
  },
  "property": [
    {
      "base": {
        "propType": "FIGHT_PROP_BASE_ATTACK",
        "initValue": 32.93,
        "type": "GROW_CURVE_ATTACK_101"
      },
      "promote": [
        11.7,
        23.3,
        35.0,
        46.7
      ]
    }
  ],
  "buff": []
}