{
  "id": "12407",
  "name": "白影剑",
  "rank": 4,
  "type": "双手剑",
  "icon": {
    "icon": "UI_EquipIcon_Claymore_Exotic",
    "awaken": "UI_EquipIcon_Claymore_Exotic_Awaken",
    "gacha": "UI_Gacha_EquipIcon_Claymore_Exotic"
  },
  "property": [
    {
      "base": {
        "propType": "FIGHT_PROP_BASE_ATTACK",
        "initValue": 42.401,
        "type": "GROW_CURVE_ATTACK_201"
      },
      "promote": [
        25.9,
        51.9,
        77.8,
        103.7,
        129.7,
        155.60001
      ]
    },
    {
      "base": {
        "propType": "FIGHT_PROP_DEFENSE_PERCENT",
        "initValue": 0.1126,
        "type": "GROW_CURVE_CRITICAL_201"
      }
    }
  ],
  "buff": []
}