{
  "id": "13301",
  "name": "白缨枪",
  "rank": 3,
  "type": "长柄武器",
  "icon": {
    "icon": "UI_EquipIcon_Pole_Ruby",
    "awaken": "UI_EquipIcon_Pole_Ruby_Awaken",
    "gacha": "UI_Gacha_EquipIcon_Pole_Ruby"
  },
  "property": [
    {
      "base": {
        "propType": "FIGHT_PROP_BASE_ATTACK",
        "initValue": 38.7413,
        "type": "GROW_CURVE_ATTACK_101"
      },
      "promote": [
        19.5,
        38.9,
        58.4,
        77.8,
        97.3,
        116.7
      ]
    },
    {
      "base": {
        "propType": "FIGHT_PROP_CRITICAL",
        "initValue": 0.051,
        "type": "GROW_CURVE_CRITICAL_101"
      }
    }
  ],
  "buff": []
}