{
  "id": "13507",
  "name": "息灾",
  "rank": 5,
  "type": "长柄武器",
  "icon": {
    "icon": "UI_EquipIcon_Pole_Santika",
    "awaken": "UI_EquipIcon_Pole_Santika_Awaken",
    "gacha": "UI_Gacha_EquipIcon_Pole_Santika"
  },
  "property": [
    {
      "base": {
        "propType": "FIGHT_PROP_BASE_ATTACK",
        "initValue": 49.1377,
        "type": "GROW_CURVE_ATTACK_303"
      },
      "promote": [
        31.1,
        62.2,
        93.4,
        124.5,
        155.60001,
        186.7
      ]
    },
    {
      "base": {
        "propType": "FIGHT_PROP_ATTACK_PERCENT",
        "initValue": 0.036,
        "type": "GROW_CURVE_CRITICAL_301"
      }
    }
  ],
  "buff": []
}