{
  "id": "14303",
  "name": "异世界行记",
  "rank": 3,
  "type": "法器",
  "icon": {
    "icon": "UI_EquipIcon_Catalyst_Lightnov",
    "awaken": "UI_EquipIcon_Catalyst_Lightnov_Awaken",
    "gacha": "UI_Gacha_EquipIcon_Catalyst_Lightnov"
  },
  "property": [
    {
      "base": {
        "propType": "FIGHT_PROP_BASE_ATTACK",
        "initValue": 38.7413,
        "type": "GROW_CURVE_ATTACK_101"
      },
      "promote": [
        19.5,
        38.9,
        58.4,
        77.8,
        97.3,
        116.7
      ]
    },
    {
      "base": {
        "propType": "FIGHT_PROP_CHARGE_EFFICIENCY",
        "initValue": 0.085,
        "type": "GROW_CURVE_CRITICAL_101"
      }
    }
  ],
  "buff": []
}