{
  "id": "14511",
  "name": "千夜浮梦",
  "rank": 5,
  "type": "法器",
  "icon": {
    "icon": "UI_EquipIcon_Catalyst_Ayus",
    "awaken": "UI_EquipIcon_Catalyst_Ayus_Awaken",
    "gacha": "UI_Gacha_EquipIcon_Catalyst_Ayus"
  },
  "property": [
    {
      "base": {
        "propType": "FIGHT_PROP_BASE_ATTACK",
        "initValue": 44.3358,
        "type": "GROW_CURVE_ATTACK_304"
      },
      "promote": [
        31.1,
        62.2,
        93.4,
        124.5,
        155.60001,
        186.7
      ]
    },
    {
      "base": {
        "propType": "FIGHT_PROP_ELEMENT_MASTERY",
        "initValue": 57.6,
        "type": "GROW_CURVE_CRITICAL_301"
      }
    }
  ],
  "buff": []
}