{
  "id": "15304",
  "name": "弹弓",
  "rank": 3,
  "type": "弓",
  "icon": {
    "icon": "UI_EquipIcon_Bow_Sling",
    "awaken": "UI_EquipIcon_Bow_Sling_Awaken",
    "gacha": "UI_Gacha_EquipIcon_Bow_Sling"
  },
  "property": [
    {
      "base": {
        "propType": "FIGHT_PROP_BASE_ATTACK",
        "initValue": 37.6075,
        "type": "GROW_CURVE_ATTACK_104"
      },
      "promote": [
        19.5,
        38.9,
        58.4,
        77.8,
        97.3,
        116.7
      ]
    },
    {
      "base": {
        "propType": "FIGHT_PROP_CRITICAL",
        "initValue": 0.068,
        "type": "GROW_CURVE_CRITICAL_101"
      }
    }
  ],
  "buff": []
}