{
  "id": "15412",
  "name": "幽夜华尔兹",
  "rank": 4,
  "type": "弓",
  "icon": {
    "icon": "UI_EquipIcon_Bow_Nachtblind",
    "awaken": "UI_EquipIcon_Bow_Nachtblind_Awaken",
    "gacha": "UI_Gacha_EquipIcon_Bow_Nachtblind"
  },
  "property": [
    {
      "base": {
        "propType": "FIGHT_PROP_BASE_ATTACK",
        "initValue": 42.401,
        "type": "GROW_CURVE_ATTACK_201"
      },
      "promote": [
        25.9,
        51.9,
        77.8,
        103.7,
        129.7,
        155.60001
      ]
    },
    {
      "base": {
        "propType": "FIGHT_PROP_PHYSICAL_ADD_HURT",
        "initValue": 0.1126,
        "type": "GROW_CURVE_CRITICAL_201"
      }
    }
  ],
  "buff": []
}