{
  "id": "15411",
  "name": "落霞",
  "rank": 4,
  "type": "弓",
  "icon": {
    "icon": "UI_EquipIcon_Bow_Fallensun",
    "awaken": "UI_EquipIcon_Bow_Fallensun_Awaken",
    "gacha": "UI_Gacha_EquipIcon_Bow_Fallensun"
  },
  "property": [
    {
      "base": {
        "propType": "FIGHT_PROP_BASE_ATTACK",
        "initValue": 43.7349,
        "type": "GROW_CURVE_ATTACK_202"
      },
      "promote": [
        25.9,
        51.9,
        77.8,
        103.7,
        129.7,
        155.60001
      ]
    },
    {
      "base": {
        "propType": "FIGHT_PROP_CHARGE_EFFICIENCY",
        "initValue": 0.06667,
        "type": "GROW_CURVE_CRITICAL_201"
      }
    }
  ],
  "buff": []
}