{
  "id": "15508",
  "name": "若水",
  "rank": 5,
  "type": "弓",
  "icon": {
    "icon": "UI_EquipIcon_Bow_Kirin",
    "awaken": "UI_EquipIcon_Bow_Kirin_Awaken",
    "gacha": "UI_Gacha_EquipIcon_Bow_Kirin"
  },
  "property": [
    {
      "base": {
        "propType": "FIGHT_PROP_BASE_ATTACK",
        "initValue": 44.3358,
        "type": "GROW_CURVE_ATTACK_304"
      },
      "promote": [
        31.1,
        62.2,
        93.4,
        124.5,
        155.60001,
        186.7
      ]
    },
    {
      "base": {
        "propType": "FIGHT_PROP_CRITICAL_HURT",
        "initValue": 0.192,
        "type": "GROW_CURVE_CRITICAL_301"
      }
    }
  ],
  "buff": []
}