{
  "id": 10000075,
  "name": "流浪者",
  "element": "风",
  "weapon": "法器",
  "rank": 5,
  "region": "须弥",
  "icon": {
    "avatar": "UI_AvatarIcon_Wanderer",
    "side": "UI_AvatarIcon_Side_Wanderer",
    "card": "UI_AvatarIcon_Wanderer_Card",
    "splash": "UI_Gacha_AvatarImg_Wanderer",
    "slice": "UI_Gacha_AvatarIcon_Wanderer"
  },
  "property": [
    {
      "base": {
        "propType": "FIGHT_PROP_BASE_HP",
        "initValue": 791.25562,
        "type": "GROW_CURVE_HP_S5"
      },
      "promote": [
        678.43011,
        1160.47253,
        1803.19592,
        2285.23828,
        2767.28076,
        3249.32324
      ]
    },
    {
      "base": {
        "propType": "FIGHT_PROP_BASE_ATTACK",
        "initValue": 25.5094,
        "type": "GROW_CURVE_ATTACK_S5"
      },
      "promote": [
        21.87041,
        37.4099,
        58.12924,
        73.66874,
        89.20824,
        104.74773
      ]
    },
    {
      "base": {
        "propType": "FIGHT_PROP_BASE_DEFENSE",
        "initValue": 47.2657,
        "type": "GROW_CURVE_HP_S5"
      },
      "promote": [
        40.527,
        69.3225,
        107.7165,
        136.51199,
        165.3075,
        194.103
      ]
    },
    {
      "name": "FIGHT_PROP_CRITICAL",
      "promote": [
        0,
        0.048,
        0.096,
        0.096,
        0.144,
        0.192
      ]
    }
  ],
  "talent": {
    "10751": {
      "name": "普通攻击·行幡鸣弦",
      "icon": "Skill_A_Catalyst_MD"
    },
    "10752": {
      "name": "羽画·风姿华歌",
      "icon": "Skill_S_Wanderer_01"
    },
    "10755": {
      "name": "狂言·式乐五番",
      "icon": "Skill_E_Wanderer_01"
    },
    "752101": {
      "name": "拾玉得花",
      "icon": "UI_Talent_S_Wanderer_05"
    },
    "752201": {
      "name": "梦迹一风",
      "icon": "UI_Talent_S_Wanderer_06"
    },
    "752301": {
      "name": "廻色云弦",
      "icon": "UI_Talent_S_Wanderer_07"
    }
  },
  "constellation": {
    "751": {
      "name": "初番·茂风流羽行",
      "icon": "UI_Talent_S_Wanderer_01"
    },
    "752": {
      "name": "二番·箙岛廓白浪",
      "icon": "UI_Talent_S_Wanderer_02"
    },
    "753": {
      "name": "三番·久世舞夕颜",
      "icon": "UI_Talent_U_Wanderer_02"
    },
    "754": {
      "name": "四番·花月歌浮舟",
      "icon": "UI_Talent_S_Wanderer_03"
    },
    "755": {
      "name": "末番·今昔渡来殿",
      "icon": "UI_Talent_U_Wanderer_01"
    },
    "756": {
      "name": "祝言·霞幕倾松风",
      "icon": "UI_Talent_S_Wanderer_04"
    }
  },
  "talent_fix": {
    "10755": "狂言·式乐五番",
    "10752": "羽画·风姿华歌"
  },
  "damage": [],
  "buff": []
}