{
  "id": 10000060,
  "name": "夜兰",
  "element": "水",
  "weapon": "弓",
  "rank": 5,
  "region": "璃月",
  "icon": {
    "avatar": "UI_AvatarIcon_Yelan",
    "side": "UI_AvatarIcon_Side_Yelan",
    "card": "UI_AvatarIcon_Yelan_Card",
    "splash": "UI_Gacha_AvatarImg_Yelan",
    "slice": "UI_Gacha_AvatarIcon_Yelan"
  },
  "property": [
    {
      "base": {
        "propType": "FIGHT_PROP_BASE_HP",
        "initValue": 1124.9176,
        "type": "GROW_CURVE_HP_S5"
      },
      "promote": [
        964.51514,
        1649.82849,
        2563.57959,
        3248.89307,
        3934.20654,
        4619.52002
      ]
    },
    {
      "base": {
        "propType": "FIGHT_PROP_BASE_ATTACK",
        "initValue": 18.9924,
        "type": "GROW_CURVE_ATTACK_S5"
      },
      "promote": [
        16.28308,
        27.85263,
        43.2787,
        54.84826,
        66.41781,
        77.98737
      ]
    },
    {
      "base": {
        "propType": "FIGHT_PROP_BASE_DEFENSE",
        "initValue": 42.65879,
        "type": "GROW_CURVE_HP_S5"
      },
      "promote": [
        36.5769,
        62.56575,
        97.21755,
        123.2064,
        149.19525,
        175.1841
      ]
    },
    {
      "name": "FIGHT_PROP_CRITICAL",
      "promote": [
        0,
        0.048,
        0.096,
        0.096,
        0.144,
        0.192
      ]
    }
  ],
  "talent": {
    "10606": {
      "name": "普通攻击·潜形隐曜弓",
      "icon": "Skill_A_02"
    },
    "10607": {
      "name": "萦络纵命索",
      "icon": "Skill_S_Yelan_01"
    },
    "10610": {
      "name": "渊图玲珑骰",
      "icon": "Skill_E_Yelan_01"
    },
    "602101": {
      "name": "猜先有方",
      "icon": "UI_Talent_S_Yelan_05"
    },
    "602201": {
      "name": "妙转随心",
      "icon": "UI_Talent_S_Yelan_06"
    },
    "602301": {
      "name": "长考一着",
      "icon": "UI_Talent_Expedition_Liyue"
    }
  },
  "constellation": {
    "601": {
      "name": "与谋者，以局入局",
      "icon": "UI_Talent_S_Yelan_01"
    },
    "602": {
      "name": "入彀者，多多益善",
      "icon": "UI_Talent_S_Yelan_02"
    },
    "603": {
      "name": "晃盅者，琼畟药骰",
      "icon": "UI_Talent_U_Yelan_01"
    },
    "604": {
      "name": "诓惑者，接树移花",
      "icon": "UI_Talent_S_Yelan_03"
    },
    "605": {
      "name": "坐庄者，三仙戏法",
      "icon": "UI_Talent_U_Yelan_02"
    },
    "606": {
      "name": "取胜者，大小通吃",
      "icon": "UI_Talent_S_Yelan_04"
    }
  },
  "talent_fix": {
    "10610": "渊图玲珑骰",
    "10607": "萦络纵命索"
  },
  "damage": [],
  "buff": []
}