{
  "id": 10000014,
  "name": "芭芭拉",
  "element": "水",
  "weapon": "法器",
  "rank": 4,
  "region": "蒙德",
  "icon": {
    "avatar": "UI_AvatarIcon_Barbara",
    "side": "UI_AvatarIcon_Side_Barbara",
    "card": "UI_AvatarIcon_Barbara_Card",
    "splash": "UI_Gacha_AvatarImg_Barbara",
    "slice": "UI_Gacha_AvatarIcon_Barbara"
  },
  "property": [
    {
      "base": {
        "propType": "FIGHT_PROP_BASE_HP",
        "initValue": 820.61188,
        "type": "GROW_CURVE_HP_S4"
      },
      "promote": [
        613.03912,
        1048.61951,
        1629.39343,
        2064.97388,
        2500.5542,
        2936.13477
      ]
    },
    {
      "base": {
        "propType": "FIGHT_PROP_BASE_ATTACK",
        "initValue": 13.356,
        "type": "GROW_CURVE_ATTACK_S4"
      },
      "promote": [
        9.97785,
        17.06738,
        26.52007,
        33.6096,
        40.69912,
        47.78865
      ]
    },
    {
      "base": {
        "propType": "FIGHT_PROP_BASE_DEFENSE",
        "initValue": 56.0805,
        "type": "GROW_CURVE_HP_S4"
      },
      "promote": [
        41.895,
        71.6625,
        111.3525,
        141.12,
        170.8875,
        200.655
      ]
    },
    {
      "name": "FIGHT_PROP_HP_PERCENT",
      "promote": [
        0,
        0.06,
        0.12,
        0.12,
        0.18,
        0.24
      ]
    }
  ],
  "talent": {
    "10070": {
      "name": "普通攻击·水之浅唱",
      "icon": "Skill_A_Catalyst_MD"
    },
    "10071": {
      "name": "演唱，开始♪",
      "icon": "Skill_S_Barbara_01"
    },
    "10072": {
      "name": "闪耀奇迹♪",
      "icon": "Skill_E_Barbara_01"
    },
    "142101": {
      "name": "光辉的季节",
      "icon": "UI_Talent_S_Barbara_05"
    },
    "142201": {
      "name": "安可",
      "icon": "UI_Talent_S_Barbara_06"
    },
    "142301": {
      "name": "心意♪注入",
      "icon": "UI_Talent_Cook_Heal"
    }
  },
  "constellation": {
    "141": {
      "name": "彩色歌谣",
      "icon": "UI_Talent_S_Barbara_01"
    },
    "142": {
      "name": "元气迸发",
      "icon": "UI_Talent_S_Barbara_02"
    },
    "143": {
      "name": "明日之星",
      "icon": "UI_Talent_U_Barbara_02"
    },
    "144": {
      "name": "努力即魔法",
      "icon": "UI_Talent_S_Barbara_03"
    },
    "145": {
      "name": "纯真的羁绊",
      "icon": "UI_Talent_U_Barbara_01"
    },
    "146": {
      "name": "将一切美好献给你",
      "icon": "UI_Talent_S_Barbara_04"
    }
  },
  "talent_fix": {
    "10072": "闪耀奇迹♪",
    "10071": "演唱，开始♪"
  },
  "damage": [],
  "buff": []
}