{
  "id": 10000033,
  "name": "达达利亚",
  "element": "水",
  "weapon": "弓",
  "rank": 5,
  "region": "至冬",
  "icon": {
    "avatar": "UI_AvatarIcon_Tartaglia",
    "side": "UI_AvatarIcon_Side_Tartaglia",
    "card": "UI_AvatarIcon_Tartaglia_Card",
    "splash": "UI_Gacha_AvatarImg_Tartaglia",
    "slice": "UI_Gacha_AvatarIcon_Tartaglia"
  },
  "property": [
    {
      "base": {
        "propType": "FIGHT_PROP_BASE_HP",
        "initValue": 1020.05243,
        "type": "GROW_CURVE_HP_S5"
      },
      "promote": [
        874.60272,
        1496.03088,
        2324.60181,
        2946.03003,
        3567.4585,
        4188.88672
      ]
    },
    {
      "base": {
        "propType": "FIGHT_PROP_BASE_ATTACK",
        "initValue": 23.4612,
        "type": "GROW_CURVE_ATTACK_S5"
      },
      "promote": [
        20.11439,
        34.40619,
        53.46193,
        67.75373,
        82.04553,
        96.33733
      ]
    },
    {
      "base": {
        "propType": "FIGHT_PROP_BASE_DEFENSE",
        "initValue": 63.4198,
        "type": "GROW_CURVE_HP_S5"
      },
      "promote": [
        54.378,
        93.015,
        144.53101,
        183.168,
        221.80499,
        260.44199
      ]
    },
    {
      "name": "FIGHT_PROP_WATER_ADD_HURT",
      "promote": [
        0,
        0.072,
        0.144,
        0.144,
        0.216,
        0.288
      ]
    }
  ],
  "talent": {
    "10331": {
      "name": "普通攻击·断雨",
      "icon": "Skill_A_02"
    },
    "10332": {
      "name": "魔王武装·狂澜",
      "icon": "Skill_S_Tartaglia_01"
    },
    "10333": {
      "name": "极恶技·尽灭闪",
      "icon": "Skill_E_Tartaglia_01"
    },
    "332101": {
      "name": "永无谢幕",
      "icon": "UI_Talent_S_Tartaglia_03"
    },
    "332201": {
      "name": "水形剑",
      "icon": "UI_Talent_S_Tartaglia_06"
    },
    "332301": {
      "name": "诸武精通",
      "icon": "UI_Talent_S_Tartaglia_07"
    }
  },
  "constellation": {
    "331": {
      "name": "魔王武装·遏浪",
      "icon": "UI_Talent_S_Tartaglia_01"
    },
    "332": {
      "name": "魔王武装·暗流",
      "icon": "UI_Talent_S_Tartaglia_02"
    },
    "333": {
      "name": "深渊之灾·纷争涡源",
      "icon": "UI_Talent_U_Tartaglia_01"
    },
    "334": {
      "name": "深渊之灾·凝水盛放",
      "icon": "UI_Talent_S_Tartaglia_05"
    },
    "335": {
      "name": "极恶技·斩水斩雨",
      "icon": "UI_Talent_U_Tartaglia_02"
    },
    "336": {
      "name": "极恶技·天使灭尽",
      "icon": "UI_Talent_S_Tartaglia_04"
    }
  },
  "talent_fix": {
    "10332": "魔王武装·狂澜",
    "10333": "极恶技·尽灭闪"
  },
  "damage": [],
  "buff": []
}