{
  "id": "11101",
  "name": "无锋剑",
  "rank": 1,
  "type": "单手剑",
  "icon": {
    "icon": "UI_EquipIcon_Sword_Blunt",
    "awaken": "UI_EquipIcon_Sword_Blunt_Awaken",
    "gacha": "UI_Gacha_EquipIcon_Sword_Blunt"
  },
  "property": [
    {
      "base": {
        "propType": "FIGHT_PROP_BASE_ATTACK",
        "initValue": 23.245,
        "type": "GROW_CURVE_ATTACK_101"
      },
      "promote": [
        11.7,
        23.3,
        35.0,
        46.7
      ]
    }
  ],
  "buff": []
}