{
  "id": "11303",
  "name": "旅行剑",
  "rank": 3,
  "type": "单手剑",
  "icon": {
    "icon": "UI_EquipIcon_Sword_Traveler",
    "awaken": "UI_EquipIcon_Sword_Traveler_Awaken",
    "gacha": "UI_Gacha_EquipIcon_Sword_Traveler"
  },
  "property": [
    {
      "base": {
        "propType": "FIGHT_PROP_BASE_ATTACK",
        "initValue": 39.8751,
        "type": "GROW_CURVE_ATTACK_102"
      },
      "promote": [
        19.5,
        38.9,
        58.4,
        77.8,
        97.3,
        116.7
      ]
    },
    {
      "base": {
        "propType": "FIGHT_PROP_DEFENSE_PERCENT",
        "initValue": 0.06373,
        "type": "GROW_CURVE_CRITICAL_101"
      }
    }
  ],
  "buff": []
}