{
  "id": "11408",
  "name": "黑岩长剑",
  "rank": 4,
  "type": "单手剑",
  "icon": {
    "icon": "UI_EquipIcon_Sword_Blackrock",
    "awaken": "UI_EquipIcon_Sword_Blackrock_Awaken",
    "gacha": "UI_Gacha_EquipIcon_Sword_Blackrock"
  },
  "property": [
    {
      "base": {
        "propType": "FIGHT_PROP_BASE_ATTACK",
        "initValue": 43.7349,
        "type": "GROW_CURVE_ATTACK_202"
      },
      "promote": [
        25.9,
        51.9,
        77.8,
        103.7,
        129.7,
        155.60001
      ]
    },
    {
      "base": {
        "propType": "FIGHT_PROP_CRITICAL_HURT",
        "initValue": 0.08,
        "type": "GROW_CURVE_CRITICAL_201"
      }
    }
  ],
  "buff": []
}