{
  "id": "11410",
  "name": "暗巷闪光",
  "rank": 4,
  "type": "单手剑",
  "icon": {
    "icon": "UI_EquipIcon_Sword_Outlaw",
    "awaken": "UI_EquipIcon_Sword_Outlaw_Awaken",
    "gacha": "UI_Gacha_EquipIcon_Sword_Outlaw"
  },
  "property": [
    {
      "base": {
        "propType": "FIGHT_PROP_BASE_ATTACK",
        "initValue": 45.0687,
        "type": "GROW_CURVE_ATTACK_203"
      },
      "promote": [
        25.9,
        51.9,
        77.8,
        103.7,
        129.7,
        155.60001
      ]
    },
    {
      "base": {
        "propType": "FIGHT_PROP_ELEMENT_MASTERY",
        "initValue": 11.99999,
        "type": "GROW_CURVE_CRITICAL_201"
      }
    }
  ],
  "buff": []
}