{
  "id": "11503",
  "name": "苍古自由之誓",
  "rank": 5,
  "type": "单手剑",
  "icon": {
    "icon": "UI_EquipIcon_Sword_Widsith",
    "awaken": "UI_EquipIcon_Sword_Widsith_Awaken",
    "gacha": "UI_Gacha_EquipIcon_Sword_Widsith"
  },
  "property": [
    {
      "base": {
        "propType": "FIGHT_PROP_BASE_ATTACK",
        "initValue": 45.9364,
        "type": "GROW_CURVE_ATTACK_301"
      },
      "promote": [
        31.1,
        62.2,
        93.4,
        124.5,
        155.60001,
        186.7
      ]
    },
    {
      "base": {
        "propType": "FIGHT_PROP_ELEMENT_MASTERY",
        "initValue": 43.2,
        "type": "GROW_CURVE_CRITICAL_301"
      }
    }
  ],
  "buff": []
}