{
  "id": "12306",
  "name": "飞天大御剑",
  "rank": 3,
  "type": "双手剑",
  "icon": {
    "icon": "UI_EquipIcon_Claymore_Mitsurugi",
    "awaken": "UI_EquipIcon_Claymore_Mitsurugi_Awaken",
    "gacha": "UI_Gacha_EquipIcon_Claymore_Mitsurugi"
  },
  "property": [
    {
      "base": {
        "propType": "FIGHT_PROP_BASE_ATTACK",
        "initValue": 38.7413,
        "type": "GROW_CURVE_ATTACK_101"
      },
      "promote": [
        19.5,
        38.9,
        58.4,
        77.8,
        97.3,
        116.7
      ]
    },
    {
      "base": {
        "propType": "FIGHT_PROP_PHYSICAL_ADD_HURT",
        "initValue": 0.0956,
        "type": "GROW_CURVE_CRITICAL_101"
      }
    }
  ],
  "buff": []
}