{
  "id": "12411",
  "name": "雪葬的星银",
  "rank": 4,
  "type": "双手剑",
  "icon": {
    "icon": "UI_EquipIcon_Claymore_Dragonfell",
    "awaken": "UI_EquipIcon_Claymore_Dragonfell_Awaken",
    "gacha": "UI_Gacha_EquipIcon_Claymore_Dragonfell"
  },
  "property": [
    {
      "base": {
        "propType": "FIGHT_PROP_BASE_ATTACK",
        "initValue": 43.7349,
        "type": "GROW_CURVE_ATTACK_202"
      },
      "promote": [
        25.9,
        51.9,
        77.8,
        103.7,
        129.7,
        155.60001
      ]
    },
    {
      "base": {
        "propType": "FIGHT_PROP_PHYSICAL_ADD_HURT",
        "initValue": 0.07507,
        "type": "GROW_CURVE_CRITICAL_201"
      }
    }
  ],
  "buff": []
}