{
  "id": "12412",
  "name": "衔珠海皇",
  "rank": 4,
  "type": "双手剑",
  "icon": {
    "icon": "UI_EquipIcon_Claymore_MillenniaTuna",
    "awaken": "UI_EquipIcon_Claymore_MillenniaTuna_Awaken",
    "gacha": "UI_Gacha_EquipIcon_Claymore_MillenniaTuna"
  },
  "property": [
    {
      "base": {
        "propType": "FIGHT_PROP_BASE_ATTACK",
        "initValue": 41.0671,
        "type": "GROW_CURVE_ATTACK_204"
      },
      "promote": [
        25.9,
        51.9,
        77.8,
        103.7,
        129.7,
        155.60001
      ]
    },
    {
      "base": {
        "propType": "FIGHT_PROP_ATTACK_PERCENT",
        "initValue": 0.12,
        "type": "GROW_CURVE_CRITICAL_201"
      }
    }
  ],
  "buff": []
}