{
  "id": "12424",
  "name": "聊聊棒",
  "rank": 4,
  "type": "双手剑",
  "icon": {
    "icon": "UI_EquipIcon_Claymore_BeastTamer",
    "awaken": "UI_EquipIcon_Claymore_BeastTamer_Awaken",
    "gacha": "UI_Gacha_EquipIcon_Claymore_BeastTamer"
  },
  "property": [
    {
      "base": {
        "propType": "FIGHT_PROP_BASE_ATTACK",
        "initValue": 43.7349,
        "type": "GROW_CURVE_ATTACK_202"
      },
      "promote": [
        25.9,
        51.9,
        77.8,
        103.7,
        129.7,
        155.60001
      ]
    },
    {
      "base": {
        "propType": "FIGHT_PROP_CRITICAL",
        "initValue": 0.04,
        "type": "GROW_CURVE_CRITICAL_201"
      }
    }
  ],
  "buff": []
}