{
  "id": "12501",
  "name": "天空之傲",
  "rank": 5,
  "type": "双手剑",
  "icon": {
    "icon": "UI_EquipIcon_Claymore_Dvalin",
    "awaken": "UI_EquipIcon_Claymore_Dvalin_Awaken",
    "gacha": "UI_Gacha_EquipIcon_Claymore_Dvalin"
  },
  "property": [
    {
      "base": {
        "propType": "FIGHT_PROP_BASE_ATTACK",
        "initValue": 47.537,
        "type": "GROW_CURVE_ATTACK_302"
      },
      "promote": [
        31.1,
        62.2,
        93.4,
        124.5,
        155.60001,
        186.7
      ]
    },
    {
      "base": {
        "propType": "FIGHT_PROP_CHARGE_EFFICIENCY",
        "initValue": 0.08,
        "type": "GROW_CURVE_CRITICAL_301"
      }
    }
  ],
  "buff": []
}