{
  "id": "12503",
  "name": "松籁响起之时",
  "rank": 5,
  "type": "双手剑",
  "icon": {
    "icon": "UI_EquipIcon_Claymore_Widsith",
    "awaken": "UI_EquipIcon_Claymore_Widsith_Awaken",
    "gacha": "UI_Gacha_EquipIcon_Claymore_Widsith"
  },
  "property": [
    {
      "base": {
        "propType": "FIGHT_PROP_BASE_ATTACK",
        "initValue": 49.1377,
        "type": "GROW_CURVE_ATTACK_303"
      },
      "promote": [
        31.1,
        62.2,
        93.4,
        124.5,
        155.60001,
        186.7
      ]
    },
    {
      "base": {
        "propType": "FIGHT_PROP_PHYSICAL_ADD_HURT",
        "initValue": 0.045,
        "type": "GROW_CURVE_CRITICAL_301"
      }
    }
  ],
  "buff": []
}