{
  "id": "13201",
  "name": "铁尖枪",
  "rank": 2,
  "type": "长柄武器",
  "icon": {
    "icon": "UI_EquipIcon_Pole_Rod",
    "awaken": "UI_EquipIcon_Pole_Rod_Awaken",
    "gacha": "UI_Gacha_EquipIcon_Pole_Rod"
  },
  "property": [
    {
      "base": {
        "propType": "FIGHT_PROP_BASE_ATTACK",
        "initValue": 32.93,
        "type": "GROW_CURVE_ATTACK_101"
      },
      "promote": [
        11.7,
        23.3,
        35.0,
        46.7
      ]
    }
  ],
  "buff": []
}