{
  "id": "13403",
  "name": "流月针",
  "rank": 4,
  "type": "长柄武器",
  "icon": {
    "icon": "UI_EquipIcon_Pole_Exotic",
    "awaken": "UI_EquipIcon_Pole_Exotic_Awaken",
    "gacha": "UI_Gacha_EquipIcon_Pole_Exotic"
  },
  "property": [
    {
      "base": {
        "propType": "FIGHT_PROP_BASE_ATTACK",
        "initValue": 43.7349,
        "type": "GROW_CURVE_ATTACK_202"
      },
      "promote": [
        25.9,
        51.9,
        77.8,
        103.7,
        129.7,
        155.60001
      ]
    },
    {
      "base": {
        "propType": "FIGHT_PROP_PHYSICAL_ADD_HURT",
        "initValue": 0.07507,
        "type": "GROW_CURVE_CRITICAL_201"
      }
    }
  ],
  "buff": []
}