{
  "id": "13416",
  "name": "断浪长鳍",
  "rank": 4,
  "type": "长柄武器",
  "icon": {
    "icon": "UI_EquipIcon_Pole_Maria",
    "awaken": "UI_EquipIcon_Pole_Maria_Awaken",
    "gacha": "UI_Gacha_EquipIcon_Pole_Maria"
  },
  "property": [
    {
      "base": {
        "propType": "FIGHT_PROP_BASE_ATTACK",
        "initValue": 45.0687,
        "type": "GROW_CURVE_ATTACK_203"
      },
      "promote": [
        25.9,
        51.9,
        77.8,
        103.7,
        129.7,
        155.60001
      ]
    },
    {
      "base": {
        "propType": "FIGHT_PROP_ATTACK_PERCENT",
        "initValue": 0.03,
        "type": "GROW_CURVE_CRITICAL_201"
      }
    }
  ],
  "buff": []
}