{
  "id": "13505",
  "name": "和璞鸢",
  "rank": 5,
  "type": "长柄武器",
  "icon": {
    "icon": "UI_EquipIcon_Pole_Morax",
    "awaken": "UI_EquipIcon_Pole_Morax_Awaken",
    "gacha": "UI_Gacha_EquipIcon_Pole_Morax"
  },
  "property": [
    {
      "base": {
        "propType": "FIGHT_PROP_BASE_ATTACK",
        "initValue": 47.537,
        "type": "GROW_CURVE_ATTACK_302"
      },
      "promote": [
        31.1,
        62.2,
        93.4,
        124.5,
        155.60001,
        186.7
      ]
    },
    {
      "base": {
        "propType": "FIGHT_PROP_CRITICAL",
        "initValue": 0.048,
        "type": "GROW_CURVE_CRITICAL_301"
      }
    }
  ],
  "buff": []
}