{
  "id": "13501",
  "name": "护摩之杖",
  "rank": 5,
  "type": "长柄武器",
  "icon": {
    "icon": "UI_EquipIcon_Pole_Homa",
    "awaken": "UI_EquipIcon_Pole_Homa_Awaken",
    "gacha": "UI_Gacha_EquipIcon_Pole_Homa"
  },
  "property": [
    {
      "base": {
        "propType": "FIGHT_PROP_BASE_ATTACK",
        "initValue": 45.9364,
        "type": "GROW_CURVE_ATTACK_301"
      },
      "promote": [
        31.1,
        62.2,
        93.4,
        124.5,
        155.60001,
        186.7
      ]
    },
    {
      "base": {
        "propType": "FIGHT_PROP_CRITICAL_HURT",
        "initValue": 0.144,
        "type": "GROW_CURVE_CRITICAL_301"
      }
    }
  ],
  "buff": []
}