{
  "id": "13511",
  "name": "赤沙之杖",
  "rank": 5,
  "type": "长柄武器",
  "icon": {
    "icon": "UI_EquipIcon_Pole_Deshret",
    "awaken": "UI_EquipIcon_Pole_Deshret_Awaken",
    "gacha": "UI_Gacha_EquipIcon_Pole_Deshret"
  },
  "property": [
    {
      "base": {
        "propType": "FIGHT_PROP_BASE_ATTACK",
        "initValue": 44.3358,
        "type": "GROW_CURVE_ATTACK_304"
      },
      "promote": [
        31.1,
        62.2,
        93.4,
        124.5,
        155.60001,
        186.7
      ]
    },
    {
      "base": {
        "propType": "FIGHT_PROP_CRITICAL",
        "initValue": 0.096,
        "type": "GROW_CURVE_CRITICAL_301"
      }
    }
  ],
  "buff": []
}