{
  "id": "14305",
  "name": "甲级宝珏",
  "rank": 3,
  "type": "法器",
  "icon": {
    "icon": "UI_EquipIcon_Catalyst_Phoney",
    "awaken": "UI_EquipIcon_Catalyst_Phoney_Awaken",
    "gacha": "UI_Gacha_EquipIcon_Catalyst_Phoney"
  },
  "property": [
    {
      "base": {
        "propType": "FIGHT_PROP_BASE_ATTACK",
        "initValue": 39.8751,
        "type": "GROW_CURVE_ATTACK_102"
      },
      "promote": [
        19.5,
        38.9,
        58.4,
        77.8,
        97.3,
        116.7
      ]
    },
    {
      "base": {
        "propType": "FIGHT_PROP_CRITICAL",
        "initValue": 0.034,
        "type": "GROW_CURVE_CRITICAL_101"
      }
    }
  ],
  "buff": []
}