{
  "id": "14506",
  "name": "不灭月华",
  "rank": 5,
  "type": "法器",
  "icon": {
    "icon": "UI_EquipIcon_Catalyst_Kaleido",
    "awaken": "UI_EquipIcon_Catalyst_Kaleido_Awaken",
    "gacha": "UI_Gacha_EquipIcon_Catalyst_Kaleido"
  },
  "property": [
    {
      "base": {
        "propType": "FIGHT_PROP_BASE_ATTACK",
        "initValue": 45.9364,
        "type": "GROW_CURVE_ATTACK_301"
      },
      "promote": [
        31.1,
        62.2,
        93.4,
        124.5,
        155.60001,
        186.7
      ]
    },
    {
      "base": {
        "propType": "FIGHT_PROP_HP_PERCENT",
        "initValue": 0.108,
        "type": "GROW_CURVE_CRITICAL_301"
      }
    }
  ],
  "buff": []
}