{
  "id": "14512",
  "name": "图莱杜拉的回忆",
  "rank": 5,
  "type": "法器",
  "icon": {
    "icon": "UI_EquipIcon_Catalyst_Alaya",
    "awaken": "UI_EquipIcon_Catalyst_Alaya_Awaken",
    "gacha": "UI_Gacha_EquipIcon_Catalyst_Alaya"
  },
  "property": [
    {
      "base": {
        "propType": "FIGHT_PROP_BASE_ATTACK",
        "initValue": 47.537,
        "type": "GROW_CURVE_ATTACK_302"
      },
      "promote": [
        31.1,
        62.2,
        93.4,
        124.5,
        155.60001,
        186.7
      ]
    },
    {
      "base": {
        "propType": "FIGHT_PROP_CRITICAL_HURT",
        "initValue": 0.096,
        "type": "GROW_CURVE_CRITICAL_301"
      }
    }
  ],
  "buff": []
}