{
  "id": "15201",
  "name": "历练的猎弓",
  "rank": 2,
  "type": "弓",
  "icon": {
    "icon": "UI_EquipIcon_Bow_Old",
    "awaken": "UI_EquipIcon_Bow_Old_Awaken",
    "gacha": "UI_Gacha_EquipIcon_Bow_Old"
  },
  "property": [
    {
      "base": {
        "propType": "FIGHT_PROP_BASE_ATTACK",
        "initValue": 32.93,
        "type": "GROW_CURVE_ATTACK_101"
      },
      "promote": [
        11.7,
        23.3,
        35.0,
        46.7
      ]
    }
  ],
  "buff": []
}