{
  "id": "15407",
  "name": "钢轮弓",
  "rank": 4,
  "type": "弓",
  "icon": {
    "icon": "UI_EquipIcon_Bow_Exotic",
    "awaken": "UI_EquipIcon_Bow_Exotic_Awaken",
    "gacha": "UI_Gacha_EquipIcon_Bow_Exotic"
  },
  "property": [
    {
      "base": {
        "propType": "FIGHT_PROP_BASE_ATTACK",
        "initValue": 41.0671,
        "type": "GROW_CURVE_ATTACK_204"
      },
      "promote": [
        25.9,
        51.9,
        77.8,
        103.7,
        129.7,
        155.60001
      ]
    },
    {
      "base": {
        "propType": "FIGHT_PROP_PHYSICAL_ADD_HURT",
        "initValue": 0.15013,
        "type": "GROW_CURVE_CRITICAL_201"
      }
    }
  ],
  "buff": []
}