{
  "id": "15409",
  "name": "苍翠猎弓",
  "rank": 4,
  "type": "弓",
  "icon": {
    "icon": "UI_EquipIcon_Bow_Viridescent",
    "awaken": "UI_EquipIcon_Bow_Viridescent_Awaken",
    "gacha": "UI_Gacha_EquipIcon_Bow_Viridescent"
  },
  "property": [
    {
      "base": {
        "propType": "FIGHT_PROP_BASE_ATTACK",
        "initValue": 42.401,
        "type": "GROW_CURVE_ATTACK_201"
      },
      "promote": [
        25.9,
        51.9,
        77.8,
        103.7,
        129.7,
        155.60001
      ]
    },
    {
      "base": {
        "propType": "FIGHT_PROP_CRITICAL",
        "initValue": 0.06,
        "type": "GROW_CURVE_CRITICAL_201"
      }
    }
  ],
  "buff": []
}