{
  "id": "15503",
  "name": "终末嗟叹之诗",
  "rank": 5,
  "type": "弓",
  "icon": {
    "icon": "UI_EquipIcon_Bow_Widsith",
    "awaken": "UI_EquipIcon_Bow_Widsith_Awaken",
    "gacha": "UI_Gacha_EquipIcon_Bow_Widsith"
  },
  "property": [
    {
      "base": {
        "propType": "FIGHT_PROP_BASE_ATTACK",
        "initValue": 45.9364,
        "type": "GROW_CURVE_ATTACK_301"
      },
      "promote": [
        31.1,
        62.2,
        93.4,
        124.5,
        155.60001,
        186.7
      ]
    },
    {
      "base": {
        "propType": "FIGHT_PROP_CHARGE_EFFICIENCY",
        "initValue": 0.12,
        "type": "GROW_CURVE_CRITICAL_301"
      }
    }
  ],
  "buff": []
}