{
  "id": "10001",
  "name": "行者之心",
  "short_name": "行者",
  "level_list": [
    3,
    4
  ],
  "icon": "UI_RelicIcon_10001_4",
  "part_list": {
    "UI_RelicIcon_10001_4": {
      "name": "故人之心",
      "part": "生之花"
    },
    "UI_RelicIcon_10001_2": {
      "name": "归乡之羽",
      "part": "死之羽"
    },
    "UI_RelicIcon_10001_5": {
      "name": "逐光之石",
      "part": "时之沙"
    },
    "UI_RelicIcon_10001_1": {
      "name": "异国之盏",
      "part": "空之杯"
    },
    "UI_RelicIcon_10001_3": {
      "name": "感别之冠",
      "part": "理之冠"
    }
  },
  "buff": []
}