{
  "id": "10011",
  "name": "幸运儿",
  "short_name": "幸运",
  "level_list": [
    1,
    2,
    3
  ],
  "icon": "UI_RelicIcon_10011_4",
  "part_list": {
    "UI_RelicIcon_10011_4": {
      "name": "幸运儿绿花",
      "part": "生之花"
    },
    "UI_RelicIcon_10011_2": {
      "name": "幸运儿鹰羽",
      "part": "死之羽"
    },
    "UI_RelicIcon_10011_5": {
      "name": "幸运儿沙漏",
      "part": "时之沙"
    },
    "UI_RelicIcon_10011_1": {
      "name": "幸运儿之杯",
      "part": "空之杯"
    },
    "UI_RelicIcon_10011_3": {
      "name": "幸运儿银冠",
      "part": "理之冠"
    }
  },
  "buff": []
}