{
  "id": "15007",
  "name": "昔日宗室之仪",
  "short_name": "昔日",
  "level_list": [
    4,
    5
  ],
  "icon": "UI_RelicIcon_15007_4",
  "part_list": {
    "UI_RelicIcon_15007_4": {
      "name": "宗室之花",
      "part": "生之花"
    },
    "UI_RelicIcon_15007_2": {
      "name": "宗室之翎",
      "part": "死之羽"
    },
    "UI_RelicIcon_15007_5": {
      "name": "宗室时计",
      "part": "时之沙"
    },
    "UI_RelicIcon_15007_1": {
      "name": "宗室银瓮",
      "part": "空之杯"
    },
    "UI_RelicIcon_15007_3": {
      "name": "宗室面具",
      "part": "理之冠"
    }
  },
  "buff": []
}