{
  "id": "15030",
  "name": "花海甘露之光",
  "short_name": "花海",
  "level_list": [
    4,
    5
  ],
  "icon": "UI_RelicIcon_15030_4",
  "part_list": {
    "UI_RelicIcon_15030_4": {
      "name": "",
      "part": "生之花"
    },
    "UI_RelicIcon_15030_2": {
      "name": "",
      "part": "死之羽"
    },
    "UI_RelicIcon_15030_5": {
      "name": "",
      "part": "时之沙"
    },
    "UI_RelicIcon_15030_1": {
      "name": "",
      "part": "空之杯"
    },
    "UI_RelicIcon_15030_3": {
      "name": "",
      "part": "理之冠"
    }
  },
  "buff": []
}