{
  "id": "10006",
  "name": "武人",
  "short_name": "武人",
  "level_list": [
    3,
    4
  ],
  "icon": "UI_RelicIcon_10006_4",
  "part_list": {
    "UI_RelicIcon_10006_4": {
      "name": "武人的红花",
      "part": "生之花"
    },
    "UI_RelicIcon_10006_2": {
      "name": "武人的羽饰",
      "part": "死之羽"
    },
    "UI_RelicIcon_10006_5": {
      "name": "武人的水漏",
      "part": "时之沙"
    },
    "UI_RelicIcon_10006_1": {
      "name": "武人的酒杯",
      "part": "空之杯"
    },
    "UI_RelicIcon_10006_3": {
      "name": "武人的头巾",
      "part": "理之冠"
    }
  },
  "buff": []
}