{
  "id": "10010",
  "name": "冒险家",
  "short_name": "冒险",
  "level_list": [
    1,
    2,
    3
  ],
  "icon": "UI_RelicIcon_10010_4",
  "part_list": {
    "UI_RelicIcon_10010_4": {
      "name": "冒险家之花",
      "part": "生之花"
    },
    "UI_RelicIcon_10010_2": {
      "name": "冒险家尾羽",
      "part": "死之羽"
    },
    "UI_RelicIcon_10010_5": {
      "name": "冒险家怀表",
      "part": "时之沙"
    },
    "UI_RelicIcon_10010_1": {
      "name": "冒险家金杯",
      "part": "空之杯"
    },
    "UI_RelicIcon_10010_3": {
      "name": "冒险家头带",
      "part": "理之冠"
    }
  },
  "buff": []
}