{
  "id": "15008",
  "name": "染血的骑士道",
  "short_name": "染血",
  "level_list": [
    4,
    5
  ],
  "icon": "UI_RelicIcon_15008_4",
  "part_list": {
    "UI_RelicIcon_15008_4": {
      "name": "染血的铁之心",
      "part": "生之花"
    },
    "UI_RelicIcon_15008_2": {
      "name": "染血的黑之羽",
      "part": "死之羽"
    },
    "UI_RelicIcon_15008_5": {
      "name": "骑士染血之时",
      "part": "时之沙"
    },
    "UI_RelicIcon_15008_1": {
      "name": "染血骑士之杯",
      "part": "空之杯"
    },
    "UI_RelicIcon_15008_3": {
      "name": "染血的铁假面",
      "part": "理之冠"
    }
  },
  "buff": []
}